ID,RESOLUTION,CHM,CHD,IFN,IRN,OPN,SMQ,SCOH,SCOP,CMQ,CCOH,CCOP,SERVICES,K,NMI,NMI_filtered,penalty_swm,penalty_mean,score_swm,penalty_rel_swm,H_global,n_clusters
04_03_09_41_09_655144,0.3,0.54,0.6589841269841269,1.2,142.0,18.0,0.2055770821121698,0.2168762524025682,0.0112991702903983,0.5220960775616647,0.5253833885412833,0.0032873109796186,13,4,0.19748950543151977,0.1980956830417291,0.7976762364573372,0.7295707233157868,0.2023237635426628,0.8172528438492381,0.9760458375406861,13.0
04_03_09_41_09_671151,0.3,0.4166666666666667,0.4744973544973545,1.2,173.0,18.0,0.2473058717076574,0.2706872492586778,0.0233813775510204,0.5380987266701555,0.5392551892551894,0.001156462585034,21,4,0.2549856341337226,0.2622619418549716,0.7243499654642888,0.6176442430344815,0.27565003453571124,0.7421269960941713,0.9760458375406859,21.0
04_03_09_41_09_685939,0.3,0.4175595238095237,0.5501686507936507,1.5,155.0,18.0,0.2489604137475514,0.2608255170755171,0.0118651033279656,0.6569342152281662,0.6574855699855701,0.0005513547574039,24,4,0.26753281052989775,0.2736460701784767,0.7021237483711552,0.5968708378354097,0.2978762516288448,0.7193553021446983,0.9760458375406859,24.0
04_03_09_41_09_700561,0.4,0.5972222222222222,0.7102292768959435,1.0,148.0,18.0,0.2525782513441106,0.2634959539371304,0.0109177025930197,0.4748929746190413,0.475960939931528,0.0010679653124866,18,4,0.22463734447098546,0.22302083171154546,0.7633645958856805,0.6655483423436501,0.2366354041143195,0.782099125394672,0.9760458375406859,18.0
04_03_09_41_09_716530,0.4,0.54,0.6589841269841269,1.2,130.0,18.0,0.2116730400246883,0.2223356009070294,0.0106625608823411,0.4627701968361308,0.4653061224489795,0.0025359256128486,14,4,0.2318522382112993,0.23377324220269113,0.7629612587812422,0.70740509282115,0.2370387412187578,0.7816858895722084,0.9760458375406859,14.0
04_03_09_41_09_731961,0.4,0.54,0.6589841269841269,1.2,135.0,18.0,0.20637030711599,0.2208224315367172,0.0144521244207272,0.4625327053898481,0.4656724228152799,0.0031397174254317,14,4,0.23789213549564844,0.24361529950818533,0.7622336870113062,0.7223891337061541,0.23776631298869377,0.780940461701967,0.9760458375406859,14.0
04_03_09_41_09_747237,0.5,0.54,0.658984126984127,1.2,138.0,18.0,0.2421264442926441,0.2540442237501061,0.0119177794574619,0.47641751650155,0.4784129813541578,0.0019954648526077,15,4,0.23495189052414625,0.23350707337244375,0.7641321052545099,0.6535786981490994,0.23586789474549008,0.7828854710142212,0.9760458375406859,15.0
04_03_09_41_09_765931,0.5,0.54,0.6589841269841269,1.2,133.0,18.0,0.2062201915910707,0.2196083678226535,0.0133881762315828,0.4567372493196669,0.4595146916575488,0.0027774423378818,14,4,0.23702314823229154,0.242646722789506,0.7637887845055319,0.7216872068678027,0.2362112154944681,0.7825337244714121,0.9760458375406861,14.0
04_03_09_41_09_784754,0.5,0.5972222222222222,0.7102292768959435,1.0,151.0,18.0,0.2426301958072791,0.2572803932178932,0.014650197410614,0.4693272005772005,0.4710633116883116,0.0017361111111111,16,4,0.2583581239437127,0.26963109102942934,0.7277313565954302,0.6872490077933276,0.2722686434045698,0.7455913734841323,0.9760458375406859,16.0
04_03_09_41_09_804676,0.6,0.3,0.3237301587301587,1.5,127.0,18.0,0.1946997867452413,0.2078647047397047,0.0131649179944634,0.5171993410629774,0.5192654567654568,0.0020661157024793,12,4,0.20716051732894983,0.2106204150031869,0.7956057916051462,0.6607700211335422,0.20439420839485378,0.8151315860429371,0.9760458375406859,12.0
04_03_09_41_09_823507,0.6,0.5773809523809523,0.6489406179138322,1.5,129.0,14.0,0.2513875611271444,0.262696158008658,0.0113085968815135,0.5020562770562769,0.503792388167388,0.0017361111111111,16,4,0.2577718820335983,0.2650074594183549,0.7303764658071185,0.6781457763124723,0.26962353419288154,0.7483013990894389,0.9760458375406859,16.0
04_03_09_41_09_840787,0.6,0.3,0.3237301587301587,1.5,120.0,18.0,0.2109245333234303,0.2233422215039862,0.0124176881805558,0.4766764491697646,0.4801199753405635,0.0034435261707988,12,4,0.20609904231415044,0.2099714124929927,0.8091515302743335,0.7463625701813733,0.1908484697256665,0.8290097648622005,0.9760458375406859,12.0
04_03_09_41_09_859263,0.7,0.5972222222222222,0.7102292768959435,1.0,164.0,18.0,0.2454662976301632,0.2624338624338624,0.0169675648036992,0.4730225859406943,0.4746031746031746,0.0015805886624802,18,4,0.2561460690670733,0.26004352871924163,0.7301196728064492,0.7212508720581811,0.2698803271935508,0.7480383038629727,0.9760458375406859,18.0
04_03_09_41_09_875983,0.7,0.54,0.6589841269841269,1.2,142.0,18.0,0.2347363265592432,0.249803841991342,0.0150675154320987,0.4573376623376622,0.4592126623376623,0.001875,16,4,0.2506243371533993,0.2669828192490563,0.7348269119823646,0.6890093089265256,0.2651730880176354,0.7528610683222485,0.9760458375406859,16.0
04_03_09_41_09_896330,0.7,0.54,0.658984126984127,1.2,125.0,18.0,0.21735739170624,0.2295083122006199,0.0121509204943799,0.4543674274443505,0.4574903728749882,0.0031229454306377,13,4,0.2163927758875325,0.22319731611792992,0.787716840762956,0.7298570122314734,0.212283159237044,0.807049024201305,0.9760458375406859,13.0
04_03_09_41_09_916227,0.8,0.5972222222222222,0.7102292768959435,1.0,154.0,18.0,0.2092534477364409,0.2263410663410663,0.0170876186046254,0.4483952555381126,0.451025641025641,0.0026303854875283,15,4,0.27516608720179464,0.2783402351056248,0.7191565888702922,0.7058432176276332,0.2808434111297078,0.7368061634096305,0.9760458375406859,15.0
04_03_09_41_09_934684,0.8,0.4166666666666666,0.4522751322751322,1.2,129.0,18.0,0.2054851167351167,0.2164169164169164,0.0109317996817996,0.4664396209850755,0.4708014208014208,0.0043617998163452,12,4,0.17803541665549605,0.1757094824171123,0.8186969918451071,0.7575611550198298,0.18130300815489286,0.8387894915959622,0.9760458375406861,12.0
04_03_09_41_09_954365,0.8,0.4166666666666666,0.4522751322751322,1.2,124.0,18.0,0.2017047042167234,0.2123685075608152,0.0106638033440918,0.4731635885482038,0.4754647062339369,0.002301117685733,13,4,0.188040793650377,0.19481097317223106,0.8033232615122979,0.7467561445197739,0.19667673848770206,0.8230384584564264,0.9760458375406861,13.0
04_03_09_41_09_972331,0.9,0.3,0.3237301587301587,1.5,120.0,18.0,0.1467176448449426,0.1596154458286811,0.0128978009837384,0.4370756227899085,0.4498307248307248,0.0127551020408163,8,4,0.17326261468916834,0.16313865009978182,0.8427694900485171,0.779388886326576,0.1572305099514829,0.8634527781728148,0.9760458375406859,8.0
04_03_09_41_09_992680,0.9,0.5399999999999999,0.6589841269841269,1.2,116.0,18.0,0.1181201072329819,0.1285007272139625,0.0103806199809805,0.4094987995198079,0.4235294117647058,0.0140306122448979,8,4,0.18577100689866483,0.17876633599192343,0.8288966968924887,0.7998787298880288,0.17110330310751132,0.8492395182802434,0.9760458375406859,8.0
04_03_09_41_10_010237,0.9,0.3,0.3237301587301587,1.5,111.0,18.0,0.1185850591207734,0.1307287950145093,0.0121437358937358,0.3452404738119023,0.3656486370772085,0.0204081632653061,7,4,0.1899382798784224,0.20268236387713073,0.8315533203793574,0.8114144941884824,0.16844667962064264,0.8519613407446088,0.9760458375406859,7.0
04_03_09_41_10_031713,1.0,0.4895833333333333,0.3960175736961451,1.5,127.0,18.0,0.1191543212633025,0.1333126772976397,0.0141583560343371,0.3686767701805296,0.3981552282304162,0.0294784580498866,7,4,0.19040869448286207,0.1799993186350257,0.8218190946429424,0.8096038067591047,0.17818090535705755,0.8419882171862499,0.9760458375406861,7.0
04_03_09_41_10_051132,1.0,0.3,0.3237301587301587,1.5,110.0,18.0,0.1365684053911926,0.1504040117491204,0.0138356063579277,0.4249723921695971,0.4364519840063318,0.0114795918367346,8,4,0.19651645467155815,0.18996032168898236,0.8271714428682022,0.7905240352777622,0.1728285571317978,0.8474719229912417,0.9760458375406859,8.0
04_03_09_41_10_072779,1.0,0.3,0.3237301587301587,1.5,115.0,18.0,0.1247142636854487,0.1366193330479044,0.0119050693624557,0.374162345590917,0.3991056562485134,0.0249433106575963,7,4,0.17972108259675718,0.16398247413146078,0.8332373053813219,0.7953604380607228,0.1667626946186781,0.8536866541850182,0.9760458375406859,7.0
04_03_09_43_04_295983,0.3,0.4333333333333333,0.5505363155363155,1.5,140.0,18.0,0.2253151907616193,0.2446389919604205,0.0193238011988011,0.4739121150522249,0.4759650072150072,0.0020528921627822,14,5,0.23169070611603218,0.24187446350513284,0.7853041842167788,0.6300788365538983,0.21469581578322117,0.8045771561256658,0.9760458375406861,14.0
04_03_09_43_04_313179,0.3,0.5972222222222222,0.7102292768959435,1.0,136.0,18.0,0.260839037845778,0.27225935828877,0.011420320442992,0.5626400248156305,0.5638294711824124,0.001189446366782,17,5,0.23682176003647906,0.24751505925138384,0.7527886957789478,0.6747905616179113,0.2472113042210522,0.7712636710543506,0.9760458375406861,17.0
04_03_09_43_04_328271,0.3,0.5399999999999999,0.6589841269841269,1.2,141.0,18.0,0.2085348893831036,0.2197496947496947,0.011214805366591,0.5948618742368742,0.5964590964590964,0.0015972222222222,16,5,0.2399114295494874,0.26178936776566925,0.7527020373278036,0.6126330208373051,0.2472979626721964,0.7711748858274575,0.9760458375406859,16.0
04_03_09_43_04_344096,0.4,0.54,0.6589841269841269,1.2,121.0,18.0,0.2315861742424242,0.2428345959595959,0.0112484217171717,0.5516035353535353,0.5534090909090909,0.0018055555555555,16,5,0.26116338868418587,0.26177251957710596,0.7283529864192715,0.6241111725284656,0.2716470135807285,0.7462282593760977,0.9760458375406859,16.0
04_03_09_43_04_359723,0.4,0.54,0.6589841269841269,1.2,141.0,18.0,0.2084155908425389,0.2224886224886225,0.0140730316460835,0.5569135626278484,0.5592718392718393,0.0023582766439909,15,5,0.2552242035600049,0.27964579579761806,0.7499798105619846,0.6503274612094625,0.2500201894380154,0.7683858500454106,0.9760458375406859,15.0
04_03_09_43_04_375569,0.4,0.54,0.6589841269841269,1.2,139.0,18.0,0.201716833937942,0.2115961199294532,0.0098792859915111,0.5905814058639894,0.5917348084014751,0.0011534025374855,18,5,0.2677123480867547,0.27969262311365795,0.7213486028431368,0.6110327701925307,0.27865139715686316,0.7390519738916134,0.9760458375406859,18.0
04_03_09_43_04_394391,0.5,0.4166666666666667,0.4744973544973545,1.2,128.0,18.0,0.2455979780047762,0.2589500503151819,0.0133520723104056,0.5592713792055898,0.5603824903167008,0.0011111111111111,16,5,0.2775803577912288,0.27999773121197996,0.7232210811007239,0.6204298894787302,0.2767789188992761,0.7409704065979142,0.9760458375406861,16.0
04_03_09_43_04_410191,0.5,0.54,0.6589841269841269,1.2,135.0,18.0,0.2273519994210987,0.2435271767569904,0.0161751773358916,0.4982083717630778,0.5002612639258601,0.0020528921627822,14,5,0.21655004362314084,0.21516486404452265,0.7862267104111996,0.6600224238835546,0.21377328958880037,0.8055223230009689,0.9760458375406859,14.0
04_03_09_43_04_427489,0.5,0.54,0.6589841269841269,1.2,139.0,18.0,0.2501610634460336,0.2652396214896215,0.0150785580435878,0.5117498473748474,0.5133470695970697,0.0015972222222222,16,5,0.2680552278874859,0.27341404480780573,0.7179712627536805,0.6477214104802684,0.2820287372463195,0.7355917469641915,0.9760458375406859,16.0
04_03_09_43_04_444788,0.6,0.54,0.658984126984127,1.2,140.0,18.0,0.2368315424145463,0.2529535681709594,0.0161220257564131,0.4898153128922359,0.4927738927738927,0.0029585798816568,13,5,0.2455464255622315,0.2549633835041656,0.7597284397429049,0.6688466859093715,0.24027156025709506,0.7783737305382813,0.9760458375406859,13.0
04_03_09_43_04_461748,0.6,0.54,0.6589841269841269,1.2,140.0,18.0,0.2584547709235209,0.2727002164502164,0.0142454455266955,0.5545670995670995,0.5565115440115439,0.0019444444444444,16,5,0.2512252364129764,0.26213164416422446,0.7369587279674114,0.6672223659250904,0.26304127203258865,0.7550452034346099,0.9760458375406859,16.0
04_03_09_43_04_479021,0.6,0.4333333333333333,0.5505363155363155,1.5,118.0,18.0,0.2106653634826711,0.2232445759368836,0.0125792124542124,0.4944735606274067,0.4971034094111016,0.0026298487836949,13,5,0.24975624375053226,0.24544445450822144,0.7569580753352726,0.654014923463255,0.2430419246647274,0.7755353757181709,0.9760458375406859,13.0
04_03_09_43_04_495457,0.7,0.4166666666666666,0.4522751322751322,1.2,120.0,18.0,0.2314939463540862,0.2437158994851302,0.012221953131044,0.5070079493156416,0.5098021636483175,0.0027942143326758,13,5,0.20307997009517767,0.20866505142074157,0.7917180163809305,0.70711067725662,0.20828198361906947,0.8111483968578763,0.9760458375406859,13.0
04_03_09_43_04_512962,0.7,0.4166666666666667,0.4744973544973545,1.2,162.0,18.0,0.2377631101173413,0.2572333611807296,0.0194702510633883,0.588204154497483,0.5895711500974659,0.0013669955999829,18,5,0.27031737912127207,0.2624796460253474,0.7200815775063991,0.6423189219112341,0.2799184224936009,0.7377538531599782,0.9760458375406859,18.0
04_03_09_43_04_531818,0.7,0.4166666666666667,0.4744973544973545,1.2,142.0,18.0,0.2794183191046027,0.2938251771296755,0.0144068580250727,0.5352829612237052,0.5367427363102104,0.0014597750865051,17,5,0.2540529913117011,0.2627943280560477,0.7359871610885108,0.6718258980577356,0.2640128389114892,0.7540497923160617,0.9760458375406861,17.0
04_03_09_43_04_554616,0.8,0.3,0.3237301587301587,1.5,105.0,18.0,0.1232788401555908,0.133198885614852,0.0099200454592611,0.380180860222877,0.3960538760958929,0.0158730158730158,7,5,0.1803147352482439,0.1923134602200609,0.8406814815754576,0.7973431607796123,0.15931851842454237,0.8613135256984428,0.9760458375406859,7.0
04_03_09_43_04_573117,0.8,0.3,0.3237301587301587,1.5,107.0,18.0,0.1161076089432047,0.1279185520361991,0.0118109430929943,0.354021164021164,0.3806878306878307,0.0266666666666666,6,5,0.152429120740207,0.14649362136724203,0.8703269785905803,0.8460626476830133,0.12967302140941972,0.8916865838837218,0.9760458375406859,6.0
04_03_09_43_04_591060,0.8,0.3,0.3237301587301587,1.5,106.0,18.0,0.1240187639142737,0.1346924555775487,0.0106736916632749,0.3904606435662336,0.4040660857431044,0.0136054421768707,7,5,0.1910357256854152,0.18394851152457992,0.8362394335060415,0.8139368962806784,0.16376056649395854,0.8567624606781681,0.9760458375406859,7.0
04_03_09_43_04_610551,0.9,0.3,0.3237301587301587,1.5,115.0,18.0,0.1413054658184528,0.1558514402264402,0.0145459744079873,0.3951216442287871,0.4104277666777667,0.0153061224489795,8,5,0.19650169439045256,0.1869918214682473,0.8230546739335903,0.7912342371837043,0.17694532606640967,0.8432541201214659,0.9760458375406859,8.0
04_03_09_43_04_633272,0.9,0.2708333333333333,0.3246031746031745,1.5,121.0,18.0,0.1636464345397396,0.1833168203812385,0.0196703858414989,0.4186679536515122,0.4352495863045735,0.0165816326530612,8,5,0.1658519880984168,0.1610246607043207,0.8521716295973681,0.7877975586509921,0.14782837040263186,0.8730856654689085,0.9760458375406861,8.0
04_03_09_43_04_652028,0.9,0.3,0.3237301587301587,1.5,115.0,18.0,0.1413054658184528,0.1558514402264402,0.0145459744079873,0.3951216442287871,0.4104277666777667,0.0153061224489795,8,5,0.19650169439045256,0.1869918214682473,0.8230546739335903,0.7912342371837043,0.17694532606640967,0.8432541201214659,0.9760458375406859,8.0
04_03_09_43_04_669901,1.0,0.3,0.3237301587301587,1.5,119.0,18.0,0.1632790631942215,0.1827038157920511,0.0194247525978295,0.4172692386978101,0.4338508713508713,0.0165816326530612,8,5,0.17085656880472422,0.1659109006972842,0.8482983999959307,0.7859320786162636,0.1517016000040693,0.8691173788859785,0.9760458375406861,8.0
04_03_09_43_04_688597,1.0,0.3,0.3237301587301587,1.5,115.0,18.0,0.1413054658184528,0.1558514402264402,0.0145459744079873,0.3951216442287871,0.4104277666777667,0.0153061224489795,8,5,0.19650169439045256,0.1869918214682473,0.8230546739335903,0.7912342371837043,0.17694532606640967,0.8432541201214659,0.9760458375406859,8.0
04_03_09_43_04_710235,1.0,0.3,0.3237301587301587,1.5,110.0,18.0,0.1415635420418583,0.1553170787545787,0.0137535367127203,0.4187417740989169,0.4340478965478965,0.0153061224489795,8,5,0.18286939563182628,0.17372337018206196,0.835321013021192,0.8035049932241691,0.164678986978808,0.8558215002749522,0.9760458375406859,8.0
04_03_10_03_04_783797,0.3,0.4166666666666667,0.4744973544973545,1.2,80.0,18.0,0.1730511289564637,0.1833410138248848,0.010289884868421,0.7336016931122374,0.7342665130568358,0.0006648199445983,20,18,0.25258595331401185,0.27470757233964693,0.7516702920439539,0.5667621280861534,0.24832970795604614,0.7701178194027397,0.9760458375406861,20.0
04_03_10_03_04_799750,0.3,0.5773809523809523,0.6489406179138322,1.5,130.0,14.0,0.1473946003766265,0.1630378245574324,0.0156432241808058,0.6498455195110328,0.6506144545360232,0.0007689350249903,18,18,0.24762300642641216,0.26689496751365993,0.738436722360096,0.5537801728207188,0.26156327763990395,0.7565594708346006,0.9760458375406861,18.0
04_03_10_03_04_817738,0.3,0.5972222222222222,0.7102292768959435,1.0,149.0,18.0,0.2059459175084175,0.2256493506493506,0.0197034331409331,0.6602267573696144,0.6611111111111111,0.0008843537414965,21,18,0.2821813310218924,0.2835466471744152,0.697379770332701,0.6126666811974087,0.30262022966729896,0.714494897176006,0.9760458375406859,21.0
04_03_10_03_04_841191,0.4,0.5773809523809523,0.6489406179138322,1.5,119.0,14.0,0.2072936239161461,0.2180326357018086,0.0107390117856625,0.5646259241690127,0.5667995746943115,0.0021736505252988,14,18,0.23506637875769862,0.26775601067935256,0.7618715730378415,0.6642013328031257,0.23812842696215852,0.7805694607104795,0.9760458375406859,14.0
04_03_10_03_04_859707,0.4,0.5773809523809523,0.6489406179138322,1.5,141.0,14.0,0.1834822904402005,0.1983665303609902,0.0148842399207896,0.6579494545330188,0.6586334256694368,0.000683971136418,19,18,0.31234684753395997,0.3221147171003698,0.6843592475248246,0.5751480475105024,0.3156407524751754,0.7011548240902133,0.9760458375406859,19.0
04_03_10_03_04_883121,0.4,0.5773809523809523,0.6489406179138322,1.5,120.0,14.0,0.2081833688525758,0.2178835714707351,0.0097002026181592,0.5481049110187,0.5500772976064712,0.0019723865877712,13,18,0.22004432309441294,0.23819819527859168,0.7807389093937837,0.6533686375264414,0.21926109060621635,0.7998998401150796,0.9760458375406859,13.0
04_03_10_03_04_914072,0.5,0.5773809523809523,0.6489406179138322,1.5,139.0,14.0,0.2245452224838189,0.2394639376218323,0.0149187151380133,0.5664945552915479,0.5680365054049266,0.0015419501133786,15,18,0.23812149708121969,0.2613571776109211,0.7555583568320682,0.624518878470351,0.24444164316793182,0.77410130525819,0.9760458375406859,15.0
04_03_10_03_04_943709,0.5,0.5773809523809523,0.6489406179138322,1.5,125.0,14.0,0.2359982488271962,0.2450560495790759,0.0090578007518796,0.5960860886189833,0.5976833108412055,0.0015972222222222,16,18,0.2520732056894405,0.26790173698082437,0.7509923950244882,0.6417176889695743,0.24900760497551178,0.7694232854030112,0.9760458375406859,16.0
04_03_10_03_04_963197,0.5,0.5773809523809523,0.6489406179138322,1.5,124.0,14.0,0.196453284499503,0.2051344842521313,0.0086811997526283,0.586836913475569,0.5882881606411019,0.0014512471655328,15,18,0.23740610371717724,0.2616001663514171,0.7597184999072903,0.629923629515847,0.24028150009270965,0.7783635467587576,0.9760458375406859,15.0
04_03_10_03_04_986661,0.6,0.5773809523809523,0.6489406179138322,1.5,121.0,14.0,0.2187130140517745,0.2278948117708621,0.0091817977190876,0.5368014562827103,0.5382505566329095,0.0014491003501992,14,18,0.22362514623904842,0.24157447287983375,0.7729938216792444,0.6676629573413255,0.22700617832075565,0.7919646720966859,0.9760458375406859,14.0
04_03_10_03_05_008060,0.6,0.54,0.658984126984127,1.2,139.0,18.0,0.1812248453431489,0.1944180819180819,0.013193236574933,0.5893981018981019,0.5911342130092131,0.0017361111111111,16,18,0.26041098786369926,0.26429642354110233,0.7344060363804604,0.6515033373718051,0.2655939636195396,0.7524298635716964,0.9760458375406859,16.0
04_03_10_03_05_031312,0.6,0.54,0.658984126984127,1.2,138.0,18.0,0.1856053314599233,0.1994005994005994,0.0137952679406761,0.5183033389077345,0.5203562310705168,0.0020528921627822,14,18,0.2513563235816753,0.26787816034096407,0.7449149397079378,0.6551092766206027,0.25508506029206224,0.7631966768946816,0.9760458375406859,14.0
04_03_10_03_05_052806,0.7,0.5399999999999999,0.6589841269841269,1.2,139.0,18.0,0.1957936543975505,0.2085801103658246,0.0127864559682741,0.5301594315330578,0.5319708069708069,0.001811375437749,14,18,0.23749066182014564,0.24727141777950898,0.7602918707767026,0.6542193700035386,0.23970812922329743,0.7789509893227841,0.9760458375406859,14.0
04_03_10_03_05_083056,0.7,0.5773809523809523,0.6489406179138322,1.5,119.0,14.0,0.2043598408394326,0.2143045446616875,0.0099447038222548,0.506748855181305,0.5085602306190541,0.001811375437749,14,18,0.23700350813636106,0.25541585333597056,0.7590385675581303,0.6663794870198244,0.24096143244186974,0.7776669274781782,0.9760458375406859,14.0
04_03_10_03_05_103732,0.7,0.5773809523809523,0.6489406179138322,1.5,124.0,14.0,0.1979164456186515,0.2079484241248947,0.0100319785062432,0.5458042702203602,0.5472099795629207,0.0014057093425605,17,18,0.25609147826541456,0.27386584460955593,0.7340870973010525,0.6575008870902869,0.2659129026989475,0.752103097074529,0.9760458375406859,17.0
04_03_10_03_05_125523,0.8,0.5773809523809523,0.6489406179138322,1.5,121.0,14.0,0.2085005225311347,0.2177017427017427,0.0092012201706079,0.5280380466094751,0.5296706996706996,0.0016326530612244,15,18,0.24391585340379876,0.2712835700875343,0.7441232881174844,0.6571102693628623,0.2558767118825156,0.7623855965539795,0.9760458375406859,15.0
04_03_10_03_05_149656,0.8,0.4166666666666667,0.4744973544973544,1.2,118.0,18.0,0.1426447273085503,0.1533798438403701,0.0107351165318198,0.4044685890550553,0.412121650279545,0.0076530612244897,8,18,0.1851007605237675,0.1871101089790124,0.8287867701561942,0.7858594347876355,0.17121322984380583,0.8491268937168607,0.9760458375406859,8.0
04_03_10_03_05_172212,0.8,0.6571428571428571,0.6987792894935752,1.2,124.0,14.0,0.2040453858311001,0.2151010101010101,0.0110556242699099,0.5201326187040471,0.5217652717652717,0.0016326530612244,15,18,0.2377740852758027,0.2531413392566549,0.752432643540703,0.679845307985849,0.24756735645929695,0.7708988805654717,0.9760458375406859,15.0
04_03_10_03_05_195313,0.9,0.54,0.658984126984127,1.2,111.0,18.0,0.1081316186750895,0.1188013239483827,0.0106697052732932,0.4784174068487793,0.4845902463549522,0.0061728395061728,9,18,0.22649539421861714,0.23990506321842428,0.7966375192207873,0.7100518151915395,0.2033624807792127,0.816188634365832,0.9760458375406861,9.0
04_03_10_03_05_218902,0.9,0.54,0.658984126984127,1.2,113.0,18.0,0.1309363376464071,0.1410341202007868,0.0100977825543797,0.4134136560607149,0.4211297054434309,0.007716049382716,9,18,0.23961843145218084,0.25133790145376267,0.7903422160894152,0.7671895579724294,0.20965778391058476,0.809738831611451,0.9760458375406861,9.0
04_03_10_03_05_242815,0.9,0.4464285714285714,0.4012518896447468,1.5,108.0,14.0,0.1379414080071974,0.1457202479132303,0.0077788399060328,0.3990928175138701,0.405265657020043,0.0061728395061728,9,18,0.20400752375249803,0.20580096164795433,0.8106703948570896,0.7770570216171153,0.18932960514291042,0.8305659054903731,0.9760458375406861,9.0
04_03_10_03_05_265266,1.0,0.54,0.6589841269841269,1.2,112.0,18.0,0.1215444022422107,0.133178373913668,0.0116339716714572,0.4931779549426608,0.4961409179056238,0.0029629629629629,10,18,0.24681549383647017,0.2531403136972398,0.7808553571833883,0.7133599516998615,0.21914464281661172,0.8000191457717669,0.9760458375406859,10.0
04_03_10_03_05_287628,1.0,0.54,0.6589841269841269,1.2,112.0,18.0,0.1219239107086329,0.1336767399267399,0.0117528292181069,0.4927204386027916,0.4956834015657545,0.0029629629629629,10,18,0.2373077339876756,0.2531403136972398,0.7882916426108605,0.7167060974718592,0.2117083573891395,0.8076379328629644,0.9760458375406861,10.0
04_03_10_03_05_309573,1.0,0.54,0.6589841269841269,1.2,110.0,18.0,0.1126167942140164,0.124781191031191,0.0121643968171745,0.4877967711301045,0.4927350427350427,0.0049382716049382,10,18,0.21949675945898622,0.24556694257505604,0.8034339428909727,0.7438724864189445,0.1965660571090273,0.8231518561826581,0.9760458375406859,10.0
04_03_09_39_14_392319,0.3,0.4464285714285714,0.4012518896447468,1.5,130.0,14.0,0.1902684434097525,0.2009310303068595,0.010662586897107,0.5375990710828088,0.5389274130704914,0.0013283419876826,14,3,0.2078542720421654,0.20882637249329614,0.7841415096099917,0.6119794197334861,0.21585849039000826,0.8033859471044618,0.9760458375406861,14.0
04_03_09_39_14_406060,0.3,0.6175595238095238,0.6163194444444444,1.25,107.0,14.0,0.174905303030303,0.1889475108225108,0.0140422077922077,0.6271082702401385,0.6290404040404042,0.0019321338002656,14,3,0.1819165344240843,0.19229327907058255,0.8343904372120191,0.6865561632559805,0.1656095627879809,0.8548680862308765,0.9760458375406859,14.0
04_03_09_39_14_422259,0.3,0.5399999999999999,0.6589841269841269,1.2,143.0,18.0,0.2200694909486118,0.2334802102659245,0.0134107193173127,0.4312853202963093,0.4340627626341912,0.0027774423378818,14,3,0.2197445212041211,0.22537202641949014,0.7769003454471324,0.6976498531994488,0.22309965455286762,0.7959670699530519,0.9760458375406861,14.0
04_03_09_39_14_439608,0.4,0.5399999999999999,0.6589841269841269,1.2,140.0,18.0,0.222361908289106,0.2348286634000919,0.0124667551109858,0.4294282945381846,0.4320849785135499,0.0026566839753652,14,3,0.20365292827311213,0.22594215400470027,0.7947539327164749,0.7411921141048448,0.20524606728352512,0.8142588207936966,0.9760458375406859,14.0
04_03_09_39_14_453850,0.4,0.4464285714285714,0.4012518896447468,1.5,117.0,14.0,0.255940343386772,0.2707219863469864,0.0147816429602143,0.5869108669108669,0.5884386446886447,0.0015277777777777,16,3,0.2606949868216172,0.2597224742739551,0.7457542862686544,0.6320444242240465,0.25424571373134564,0.7640566227378313,0.9760458375406859,16.0
04_03_09_39_14_467569,0.4,0.4166666666666667,0.4744973544973544,1.2,132.0,18.0,0.1691077192675658,0.182053051618269,0.0129453323507031,0.6555307465492513,0.6561715257367432,0.0006407791874919,18,3,0.2055633638668899,0.21481086707975316,0.7908737757353056,0.6290233838225398,0.2091262242646944,0.8102834368189583,0.9760458375406859,18.0
04_03_09_39_14_481907,0.5,0.4333333333333333,0.5505363155363155,1.5,114.0,18.0,0.1975577019829893,0.2118619885861265,0.0143042866031371,0.4356832086275057,0.4384774229601816,0.0027942143326758,13,3,0.2174163962630064,0.2209578432139417,0.794606038250741,0.7043988633337303,0.20539396174925895,0.8141072966950883,0.9760458375406859,13.0
04_03_09_39_14_498348,0.5,0.3,0.3237301587301587,1.5,132.0,18.0,0.2078237544899994,0.221450734937577,0.0136269804475776,0.4425906584997494,0.4464933214933215,0.003902662993572,12,3,0.19345219241604675,0.19904274548154435,0.8151216421631433,0.7028927215819017,0.1848783578368567,0.8351263955153799,0.9760458375406861,12.0
04_03_09_39_14_517072,0.5,0.5399999999999999,0.658984126984127,1.2,141.0,18.0,0.2118428334329069,0.2258474368768486,0.0140046034439416,0.4502757925834849,0.4535631035631036,0.0032873109796186,13,3,0.18678173268672896,0.1950670545042981,0.8178516653519079,0.7455147774850066,0.1821483346480921,0.837923419060548,0.9760458375406861,13.0
04_03_09_39_14_533587,0.6,0.5399999999999999,0.6589841269841269,1.2,141.0,18.0,0.212745409773596,0.2266552075375604,0.0139097977639644,0.4458543969856188,0.4491417079652374,0.0032873109796186,13,3,0.21493439538636874,0.22219438848302422,0.7854743591892035,0.6899994593156863,0.2145256408107965,0.8047515075401992,0.9760458375406861,13.0
04_03_09_39_14_549751,0.6,0.5773809523809523,0.6489406179138322,1.5,125.0,14.0,0.2112149676900708,0.2231629932674823,0.0119480255774115,0.4355633046316976,0.4390068308024965,0.0034435261707988,12,3,0.17148327375263156,0.17920444042441633,0.8327021149165885,0.7534724620845815,0.16729788508341148,0.8531383290509424,0.9760458375406861,12.0
04_03_09_39_14_566347,0.6,0.5972222222222222,0.7102292768959435,1.0,134.0,18.0,0.2381979558902636,0.2510941439512868,0.0128961880610232,0.493735812417131,0.4963924963924963,0.0026566839753652,14,3,0.22140149933810116,0.2375254521063424,0.7737135966034098,0.7051347622403682,0.22628640339659023,0.792702111770604,0.9760458375406861,14.0
04_03_09_39_14_583725,0.7,0.5972222222222222,0.7102292768959435,1.0,139.0,18.0,0.2137863738825277,0.2285278823740361,0.0147415084915084,0.4463263232494001,0.4499423653269807,0.0036160420775805,13,3,0.1966802951385297,0.21637479240517285,0.8036684587385516,0.7355735816828208,0.19633154126144836,0.8233921275291041,0.9760458375406859,13.0
04_03_09_39_14_601158,0.7,0.5399999999999999,0.6589841269841269,1.2,138.0,18.0,0.2217235911102141,0.2354342086484943,0.0137106175382802,0.4535270590215645,0.4560629846344132,0.0025359256128486,14,3,0.20890613700009314,0.22495769112831418,0.7865034563294747,0.6870790219816142,0.21349654367052529,0.8058058608304755,0.9760458375406859,14.0
04_03_09_39_14_621862,0.7,0.4166666666666667,0.4744973544973545,1.2,125.0,18.0,0.176788651429456,0.1919145270438373,0.0151258756143813,0.5316303805332018,0.5348443382926141,0.0032139577594123,12,3,0.1956192453007005,0.18810180851751826,0.8116004617148619,0.7144821082188538,0.1883995382851381,0.8315187980923394,0.9760458375406859,12.0
04_03_09_39_14_643239,0.8,0.5972222222222222,0.7102292768959435,1.0,132.0,18.0,0.2656825385262885,0.2753496503496503,0.0096671118233618,0.5278175990675991,0.5296231546231546,0.0018055555555555,16,3,0.20303448358284404,0.2168167823893641,0.7869449302142398,0.7309755240086853,0.21305506978576016,0.8062581693879068,0.9760458375406861,16.0
04_03_09_39_14_661653,0.8,0.2708333333333333,0.3246031746031745,1.5,125.0,18.0,0.1598278519838393,0.1747982899453487,0.0149704379615093,0.4491612122704559,0.4631918245153539,0.0140306122448979,8,3,0.18120627544941614,0.17043206071486464,0.8364452438086358,0.7759646697735499,0.16355475619136417,0.8569733219868058,0.9760458375406861,8.0
04_03_09_39_14_682633,0.8,0.54,0.6589841269841269,1.2,133.0,18.0,0.1915397565397565,0.2052475302475302,0.0137077737077737,0.4437575245267552,0.4477022977022976,0.0039447731755424,13,3,0.22353550948073675,0.23615674848108342,0.7740136812166399,0.731173021524726,0.22598631878336006,0.7930095610744057,0.9760458375406859,13.0
04_03_09_39_14_701439,0.9,0.3,0.3237301587301587,1.5,118.0,18.0,0.1676016997708174,0.1825701871657754,0.0149684873949579,0.4429061397286187,0.4569367519735166,0.0140306122448979,8,3,0.1708636927673666,0.16619255796572882,0.8430983869929174,0.7790012929413668,0.1569016130070826,0.8637897469213616,0.9760458375406859,8.0
04_03_09_39_14_721457,0.9,0.2708333333333333,0.3246031746031745,1.5,126.0,18.0,0.1497761478744209,0.1628621743753323,0.0130860265009113,0.426561228558409,0.4393163305992253,0.0127551020408163,8,3,0.16282145831560738,0.1565296655417149,0.850372418038673,0.7842466674063738,0.14962758196132697,0.8712422975762404,0.9760458375406859,8.0
04_03_09_39_14_739445,0.9,0.3,0.3237301587301587,1.5,112.0,18.0,0.1200964194999283,0.1360064724099812,0.0159100529100529,0.3299729120781752,0.3699729120781752,0.04,6,3,0.1536818268549564,0.1556372089292178,0.8676252454352547,0.8353651123617327,0.13237475456474534,0.8889185446673126,0.9760458375406859,6.0
04_03_09_39_14_760583,1.0,0.3,0.3237301587301587,1.5,115.0,18.0,0.123101640423069,0.1352568230089238,0.0121551825858548,0.375146450188467,0.3955546134537731,0.0204081632653061,7,3,0.1759091383054633,0.17125678682865647,0.8399111361743722,0.7873315785156788,0.16008886382562781,0.8605242744446016,0.9760458375406859,7.0
04_03_09_39_14_785497,1.0,0.54,0.6589841269841269,1.2,113.0,18.0,0.1250593502286613,0.1347710017021162,0.0097116514734548,0.4131207387261125,0.4271513509710104,0.0140306122448979,8,3,0.18024101692450037,0.18006452349466145,0.8309889043099407,0.7891334185867167,0.16901109569005934,0.8513830727496969,0.9760458375406859,8.0
04_03_09_39_14_812238,1.0,0.3,0.3237301587301587,1.5,110.0,18.0,0.1274739661790224,0.1380981579234564,0.0106241917444339,0.3881502521263689,0.4130935627839652,0.0249433106575963,7,3,0.15353574376579066,0.14482807821092558,0.8551478421071772,0.8159189547740074,0.1448521578928228,0.8761349203249186,0.9760458375406859,7.0
04_03_09_48_11_824424,0.3,0.4166666666666667,0.4744973544973544,1.2,195.0,18.0,0.1151474810689237,0.1356509761648101,0.0205034950958864,0.6947661521339881,0.6949455024553839,0.0001793503213957,33,7,0.3301326213279161,0.3395965410110217,0.6410433880672245,0.4731722824661556,0.3589566119327755,0.6567759047899254,0.9760458375406859,33.0
04_03_09_48_11_841158,0.3,0.4861111111111111,0.5055298353909465,1.6666666666666667,128.0,14.0,0.2544164067142008,0.2708524318818436,0.0164360251676428,0.5930267829056756,0.5941080977845683,0.0010813148788927,17,7,0.25139172443209196,0.2535273906166129,0.7583034532893054,0.5794766838152192,0.24169654671069463,0.7769137720006882,0.9760458375406861,17.0
04_03_09_48_11_858408,0.3,0.4166666666666666,0.4522751322751322,1.2,133.0,18.0,0.1929087177150271,0.2037540506398638,0.0108453329248366,0.6044613678804855,0.6055967485033229,0.0011353806228373,17,7,0.2296963971956558,0.23504680695583535,0.7641150806903417,0.6198602671517296,0.23588491930965827,0.7828680286324053,0.9760458375406859,17.0
04_03_09_48_11_875901,0.4,0.4166666666666667,0.4744973544973544,1.2,162.0,18.0,0.2374870820551598,0.2545244369157413,0.0170373548605814,0.5876195081699117,0.5883951314386098,0.000775623268698,20,7,0.2908284796529032,0.31536156796906756,0.6997064292739581,0.5737858003262365,0.3002935707260419,0.7168786570894946,0.9760458375406861,20.0
04_03_09_48_11_896124,0.4,0.5773809523809523,0.6489406179138322,1.5,130.0,14.0,0.2722004913076342,0.283968253968254,0.0117677626606198,0.5489266817838246,0.5501058201058201,0.0011791383219954,15,7,0.22659794229334362,0.23307364763820212,0.7684966434500667,0.650641917361277,0.23150335654993326,0.787357123909698,0.9760458375406859,15.0
04_03_09_48_11_919109,0.4,0.5399999999999999,0.6589841269841269,1.2,115.0,18.0,0.2330835819176155,0.2428766658178422,0.0097930839002267,0.495512225092057,0.4969634722575898,0.0014512471655328,15,7,0.24747837695395536,0.26427774993668257,0.7370319718673183,0.6499680442492238,0.2629680281326817,0.7551202448897238,0.9760458375406859,15.0
04_03_09_48_11_939049,0.5,0.3,0.3237301587301587,1.5,138.0,18.0,0.2202552963255578,0.2373069740716799,0.0170516777461221,0.5198014906159703,0.5225957049486462,0.0027942143326758,13,7,0.22764292853578422,0.23143223346109998,0.7739874420845576,0.6529159185334881,0.2260125579154424,0.7929826779803202,0.9760458375406859,13.0
04_03_09_48_11_959457,0.5,0.4333333333333333,0.5505363155363155,1.5,116.0,18.0,0.1964816672157942,0.2072911215768358,0.0108094543610416,0.4756561204363402,0.476622187336473,0.0009660669001328,14,7,0.24947381372073332,0.244332678076394,0.7517970915252933,0.6249436271064213,0.24820290847470672,0.7702477308028631,0.9760458375406859,14.0
04_03_09_48_11_987285,0.5,0.3,0.3237301587301587,1.5,137.0,18.0,0.2505321618967452,0.2701309974747475,0.0195988355780022,0.5519349747474747,0.553393308080808,0.0014583333333333,16,7,0.2580226586650979,0.2553592380254849,0.7302355428153512,0.6502901529301602,0.2697644571846488,0.7481570175590363,0.9760458375406859,16.0
04_03_09_48_12_010725,0.6,0.5399999999999999,0.658984126984127,1.2,152.0,18.0,0.2453760115157174,0.2657563025210084,0.020380291005291,0.548016539949313,0.5501027077497666,0.0020861678004535,15,7,0.25989592140962003,0.27046657349790443,0.7324360463523364,0.602468113192405,0.2675639536476636,0.7504115259564388,0.9760458375406859,15.0
04_03_09_48_12_032644,0.6,0.5399999999999999,0.6589841269841269,1.2,147.0,18.0,0.2330603780864197,0.2472718253968254,0.0142114473104056,0.5004933261183261,0.5021599927849928,0.0016666666666666,16,7,0.26352380704411577,0.2810708665778767,0.7201587573079022,0.6506526703519391,0.27984124269209776,0.7378329271117688,0.9760458375406859,16.0
04_03_09_48_12_055737,0.6,0.5399999999999999,0.6589841269841269,1.2,141.0,18.0,0.2135059204864399,0.2273500309214595,0.0138441104350195,0.4891064978977066,0.4912801484230055,0.0021736505252988,14,7,0.2557901347711017,0.26093561695510414,0.738478317160063,0.6540122944720528,0.26152168283993704,0.7566020864560882,0.9760458375406859,14.0
04_03_09_48_12_076197,0.7,0.3,0.3237301587301587,1.5,114.0,18.0,0.1050329455011729,0.120281168107255,0.0152482226060821,0.2918758536149841,0.3096536313927618,0.0177777777777777,6,7,0.12416919432006251,0.12026923893113455,0.8772120922379714,0.8457020133963326,0.12278790776202864,0.8987406723113095,0.9760458375406861,6.0
04_03_09_48_12_100020,0.7,0.5399999999999999,0.658984126984127,1.2,150.0,18.0,0.2306847319347319,0.2458513708513708,0.0151666389166389,0.5237667094809952,0.5254900654900655,0.0017233560090702,15,7,0.2508499336774445,0.2591598500068749,0.7385977128570514,0.6531421133424489,0.26140228714294855,0.7567244123678397,0.9760458375406859,15.0
04_03_09_48_12_123238,0.7,0.54,0.658984126984127,1.2,134.0,18.0,0.2003311942633038,0.2132756132756132,0.0129444190123094,0.4708052631129553,0.4739282085435931,0.0031229454306377,13,7,0.26226366776726207,0.26814517142739425,0.7383844434359302,0.6636894376816846,0.26161555656406976,0.7565059088786403,0.9760458375406859,13.0
04_03_09_48_12_143808,0.8,0.2708333333333333,0.3246031746031745,1.5,91.0,18.0,0.141977257121095,0.151457825346351,0.009480568225256,0.419026462259545,0.4303643307402706,0.0113378684807256,7,7,0.17074444261372188,0.16855344335727535,0.8539437274153205,0.8089054152869659,0.14605627258467946,0.8749012541941448,0.9760458375406859,7.0
04_03_09_48_12_164310,0.8,0.3,0.3237301587301587,1.5,121.0,18.0,0.1309735311818875,0.1458876939623843,0.0149141627804968,0.4004099656977254,0.4106140473303785,0.010204081632653,8,7,0.19163414083847052,0.2036050011428352,0.8263910317334682,0.7892824732884987,0.17360896826653183,0.8466723589700474,0.9760458375406859,8.0
04_03_09_48_12_190769,0.8,0.3,0.3237301587301587,1.5,125.0,18.0,0.1612762344894358,0.1805083622517833,0.0192321277623475,0.4229285438871905,0.4344081357239252,0.0114795918367346,8,7,0.1737918940098329,0.16786524888785195,0.8459477203798711,0.7828780522931151,0.1540522796201289,0.8667090087811663,0.9760458375406859,8.0
04_03_09_48_12_217195,0.9,0.3,0.3237301587301587,1.5,114.0,18.0,0.1340538903498462,0.1482649397171456,0.0142110493672993,0.4200062192709251,0.4289347906994966,0.0089285714285714,8,7,0.18834822920557936,0.1875691197764996,0.8332210043183087,0.7925905946723617,0.1667789956816913,0.8536699530605562,0.9760458375406861,8.0
04_03_09_48_12_240202,0.9,0.3,0.3237301587301587,1.5,114.0,18.0,0.1346645930503479,0.1489047410922411,0.0142401480418931,0.4226578481042766,0.4328619297369297,0.010204081632653,8,7,0.19069655351926715,0.1900202218691666,0.8328769842805236,0.7920367917039213,0.1671230157194764,0.8533174900669616,0.9760458375406861,8.0
04_03_09_48_12_263943,0.9,0.3,0.3237301587301587,1.5,115.0,18.0,0.1353819565413578,0.1495640389022742,0.0141820823609163,0.423898761136156,0.4315518223606458,0.0076530612244897,8,7,0.195922507207396,0.18866210338812267,0.8253774968407067,0.7872581475857376,0.17462250315929329,0.845633949856685,0.9760458375406861,8.0
04_03_09_48_12_307898,1.0,0.3,0.3237301587301587,1.5,116.0,18.0,0.1392521023920806,0.1520354010550089,0.0127832986629282,0.4420144126026478,0.4481872521088207,0.0061728395061728,9,7,0.18414706887048943,0.19161383281910918,0.8302923937547708,0.7972651814905632,0.16970760624522918,0.8506694684000027,0.9760458375406861,9.0
04_03_09_48_12_333873,1.0,0.54,0.6589841269841269,1.2,122.0,18.0,0.1366276981273674,0.1498914665581332,0.0132637684307657,0.4194630986297653,0.4264075430742097,0.0069444444444444,9,7,0.20698856927615658,0.21268533949157276,0.81135150732739,0.7737147187556092,0.18864849267260997,0.831263733854681,0.9760458375406861,9.0
04_03_10_00_48_521096,0.3,0.54,0.658984126984127,1.2,140.0,18.0,0.2005211893369788,0.216038961038961,0.0155177717019822,0.6902079361082132,0.6910389610389611,0.0008310249307479,20,15,0.2702128739606875,0.27369854365796376,0.7149230191135794,0.5676153834880088,0.28507698088642064,0.7324686931865309,0.9760458375406861,20.0
04_03_10_00_48_535781,0.3,0.4166666666666667,0.4744973544973545,1.2,160.0,18.0,0.2416385406320471,0.2612357339630067,0.0195971933309595,0.7013408669252825,0.7021841794569067,0.0008433125316242,22,15,0.291950431402167,0.305071818532259,0.6862639219771254,0.5723035251808326,0.3137360780228746,0.7031062431517401,0.9760458375406861,22.0
04_03_10_00_48_550446,0.3,0.2698412698412698,0.1985874905517762,2.0,129.0,14.0,0.2147496904735505,0.2322966507177033,0.0175469602441527,0.5964226585652556,0.5977202364199269,0.0012975778546712,17,15,0.26090086431733595,0.2684534420840052,0.7391488496902868,0.5739265905356392,0.2608511503097132,0.7572890752269367,0.9760458375406859,17.0
04_03_10_00_48_565558,0.4,0.5773809523809523,0.6489406179138322,1.5,148.0,14.0,0.234118146757366,0.2487106607348821,0.0145925139775161,0.5601709132851,0.5614684911397714,0.0012975778546712,17,15,0.23545620267535575,0.24872880805535366,0.746353470818367,0.5904270738607406,0.253646529181633,0.7646705125027038,0.9760458375406859,17.0
04_03_10_00_48_582710,0.4,0.5399999999999999,0.6589841269841269,1.2,158.0,18.0,0.2231422476397966,0.246792328042328,0.0236500804025313,0.5924822107492235,0.5938492063492063,0.0013669955999829,18,15,0.27823130243546723,0.28997212299085895,0.7067127394163829,0.5763715566415675,0.2932872605836171,0.7240569164221491,0.9760458375406859,18.0
04_03_10_00_48_599645,0.4,0.5773809523809523,0.6489406179138322,1.5,141.0,14.0,0.2588698311561131,0.271717569603599,0.0128477384474859,0.6168582887700534,0.618038844325609,0.0011805555555555,16,15,0.24899095511021282,0.2637999514379476,0.7521387665057088,0.6406613427547242,0.24786123349429123,0.7705977911865808,0.9760458375406859,16.0
04_03_10_00_48_615263,0.5,0.4464285714285714,0.4012518896447468,1.5,156.0,14.0,0.2345531669457906,0.2578042328042328,0.0232510658584421,0.6078867712662407,0.6090828924162257,0.001196121149985,18,15,0.255581091237603,0.26404872872489016,0.7242578748421309,0.5749687613402936,0.2757421251578691,0.7420326453796702,0.9760458375406859,18.0
04_03_10_00_48_630170,0.5,0.5773809523809523,0.6489406179138322,1.5,161.0,14.0,0.2394310481545559,0.2620759414877062,0.0226448933331502,0.5791613268401044,0.5805283224400872,0.0013669955999829,18,15,0.24595927996228817,0.2580004853952163,0.7328012551129389,0.5904786172176918,0.2671987448870611,0.7507856976874742,0.9760458375406859,18.0
04_03_10_00_48_645643,0.5,0.4333333333333333,0.5505363155363155,1.5,145.0,18.0,0.211980814946347,0.2296372106154715,0.0176563956691245,0.6678632768732733,0.6687220026350461,0.0008587257617728,20,15,0.25347078141957313,0.2527746518947118,0.7287309571558344,0.5455328595657623,0.27126904284416564,0.7466155062881027,0.9760458375406859,20.0
04_03_10_00_48_660751,0.6,0.5399999999999999,0.6589841269841269,1.2,161.0,18.0,0.2617279942279942,0.2852916924345495,0.0235636982065553,0.618653885796743,0.6195835910121624,0.0009297052154195,21,15,0.28117940367472477,0.2882165925518443,0.6930616929133024,0.5851724736577225,0.30693830708669756,0.7100708452992225,0.9760458375406859,21.0
04_03_10_00_48_680179,0.6,0.5773809523809523,0.6489406179138322,1.5,158.0,14.0,0.2545855236681567,0.2799043549043549,0.0253188312361981,0.591976529173761,0.5933862433862434,0.0014097142124823,18,15,0.26663839474094536,0.277069394332265,0.7147515850886459,0.6017386263406688,0.2852484149113541,0.7322930518197633,0.9760458375406861,18.0
04_03_10_00_48_695512,0.6,0.5773809523809523,0.6489406179138322,1.5,141.0,14.0,0.238934581523151,0.2568272005772006,0.0178926190540495,0.6314682290028311,0.6323653198653199,0.0008970908624887,18,15,0.27958664834202396,0.29629063426535246,0.7109723733714735,0.5961657105873397,0.28902762662852655,0.7284210905123982,0.9760458375406859,18.0
04_03_10_00_48_713450,0.7,0.2698412698412698,0.1985874905517762,2.0,120.0,14.0,0.0945427876761646,0.105589398070601,0.0110466103944364,0.3986544311814007,0.4145274470544166,0.0158730158730158,7,15,0.1829914876488167,0.17837270198460695,0.8403115031936453,0.8026610616576813,0.15968849680635466,0.8609344672899313,0.9760458375406861,7.0
04_03_10_00_48_731117,0.7,0.2619047619047619,0.1769778281683043,2.0,110.0,14.0,0.1057935682420808,0.1161786217850291,0.0103850535429482,0.3576242978988974,0.3798465201211196,0.0222222222222222,6,15,0.14767880543296716,0.14595338461589497,0.8654798824092594,0.8191419575604786,0.13452011759074056,0.8867205300418919,0.9760458375406861,6.0
04_03_10_00_48_748273,0.7,0.2698412698412698,0.1985874905517762,2.0,110.0,14.0,0.1182244062397686,0.1275914343009931,0.0093670280612244,0.4055389580074454,0.4157430396400985,0.010204081632653,8,15,0.14258495150725317,0.16341507054091875,0.8577695039741748,0.8136521977430153,0.14223049602582516,0.8788209231397076,0.9760458375406861,8.0
04_03_10_00_48_765596,0.8,0.2698412698412698,0.1985874905517762,2.0,108.0,14.0,0.1044297802837432,0.114387417819912,0.0099576375361688,0.355563942795064,0.3822306094617307,0.0266666666666666,6,15,0.15485565882944002,0.15908066150773928,0.8604148868410322,0.8159809329052751,0.13958511315896782,0.8815312291162415,0.9760458375406859,6.0
04_03_10_00_48_784030,0.8,0.3,0.3237301587301587,1.5,112.0,18.0,0.1093475647834891,0.1228389840784798,0.0134914192949907,0.3486555228151867,0.3690636860804928,0.0204081632653061,7,15,0.21176184950634075,0.2058338492886717,0.8220791250707552,0.7985734964153878,0.1779208749292448,0.8422546292929479,0.9760458375406859,7.0
04_03_10_00_48_802484,0.8,0.3,0.3237301587301587,1.5,116.0,18.0,0.1094974243140782,0.1235269865521966,0.0140295622381183,0.3422168867547018,0.3671601974122982,0.0249433106575963,7,15,0.18409943707239307,0.1840017368790163,0.8353119465337506,0.8073966214168875,0.16468805346624937,0.8558122112773532,0.9760458375406859,7.0
04_03_10_00_48_823246,0.9,0.54,0.6589841269841269,1.2,99.0,18.0,0.1473077876984126,0.1586805555555555,0.0113727678571428,0.4175724077509791,0.4341540404040404,0.0165816326530612,8,15,0.20386059735190828,0.21339220333972997,0.8251588152093597,0.804151434994972,0.17484118479064026,0.8454099013305444,0.9760458375406859,8.0
04_03_10_00_48_842812,0.9,0.3,0.3237301587301587,1.5,112.0,18.0,0.1100578488971346,0.1235492681921253,0.0134914192949907,0.3503862150920974,0.3707943783574036,0.0204081632653061,7,15,0.20417541191532743,0.20471566711127331,0.8274106522143013,0.802837343015674,0.17258934778569868,0.8477170030242676,0.9760458375406859,7.0
04_03_10_00_48_862409,0.9,0.2708333333333333,0.3246031746031745,1.5,117.0,18.0,0.1125223274168287,0.1271242042981173,0.0146018768812886,0.3690666973184328,0.3872072868875937,0.0181405895691609,7,15,0.16103982975783546,0.1584153377220982,0.8544365622651203,0.8257756667695545,0.14556343773487967,0.87540618421981,0.9760458375406859,7.0
04_03_10_00_48_881621,1.0,0.4166666666666666,0.4744973544973545,1.2,118.0,18.0,0.1325859155464418,0.1441605908711171,0.0115746753246753,0.3709689537697057,0.3824485456064403,0.0114795918367346,8,15,0.2005590360871594,0.19896675570477854,0.8110920629782646,0.7805898895164789,0.18890793702173536,0.8309979222102413,0.9760458375406859,8.0
04_03_10_00_48_902668,1.0,0.54,0.658984126984127,1.2,115.0,18.0,0.1179977969844697,0.1313966568562156,0.0133988598717459,0.3676597066565554,0.382965829105535,0.0153061224489795,8,15,0.22163949976727346,0.23093280874980446,0.8041040895750352,0.8005474398430364,0.1958959104249648,0.8238384496378905,0.9760458375406861,8.0
04_03_10_00_48_925156,1.0,0.3,0.3237301587301587,1.5,118.0,18.0,0.0946840589382606,0.1116603168073756,0.016976257869115,0.4567686515165506,0.4669727331492037,0.010204081632653,8,15,0.18279119124291615,0.18591751361217124,0.831132594415753,0.7455954364533721,0.16886740558424695,0.8515302893047867,0.9760458375406859,8.0
04_03_09_50_44_793314,0.3,0.6175595238095238,0.652157738095238,1.25,149.0,14.0,0.1979217418546366,0.2184642857142857,0.0205425438596491,0.6579590423426989,0.6589285714285714,0.0009695290858725,20,8,0.2645512580153842,0.271314608627428,0.7408197397511158,0.5917875309182363,0.2591802602488842,0.7590009723495544,0.9760458375406859,20.0
04_03_09_50_44_808464,0.3,0.5773809523809523,0.6489406179138322,1.5,126.0,14.0,0.2229279191740492,0.228155616313511,0.0052276971394618,0.5750256669366728,0.5758373205741626,0.0008116536374898,18,8,0.22270836695101595,0.23259491170158164,0.7569019724483512,0.6072743544675472,0.24309802755164878,0.7754778959515826,0.9760458375406859,18.0
04_03_09_50_44_824171,0.3,0.54,0.6589841269841269,1.2,136.0,18.0,0.2122258533042846,0.2233906525573191,0.0111647992530345,0.5070231863484459,0.5080484330484331,0.0010252466999871,18,8,0.22856612473700114,0.23713985160382736,0.7592229535298395,0.6374818834264232,0.24077704647016052,0.7778558386590033,0.9760458375406859,18.0
04_03_09_50_44_838759,0.4,0.4333333333333333,0.5505363155363155,1.5,135.0,18.0,0.2486522429484614,0.266016406562625,0.0173641636141636,0.5319199869296831,0.534093637454982,0.0021736505252988,14,8,0.2331800876692686,0.2310963643588004,0.7795686501786157,0.6485485691604981,0.22043134982138435,0.798700860343682,0.9760458375406861,14.0
04_03_09_50_44_853535,0.4,0.54,0.6589841269841269,1.2,118.0,18.0,0.1898920885877407,0.1965970261622435,0.0067049375745027,0.5755043484236031,0.576502080849907,0.0009977324263038,15,8,0.23065536103004808,0.24635752630124572,0.7694752074651579,0.6096452914974269,0.23052479253484215,0.7883597038884791,0.9760458375406861,15.0
04_03_09_50_44_871910,0.4,0.7,0.7119047619047618,1.0,133.0,14.0,0.2101377788877788,0.2231756338899196,0.0130378550021407,0.54057332777113,0.5419016697588126,0.0013283419876826,14,8,0.2490182598318142,0.2414157155075189,0.7513020517712866,0.6205612198923489,0.24869794822871338,0.7697405417601291,0.9760458375406861,14.0
04_03_09_50_44_890557,0.5,0.5399999999999999,0.6589841269841269,1.2,147.0,18.0,0.2270728654061987,0.2441251456876457,0.0170522802814469,0.5305987762237762,0.532126554001554,0.0015277777777777,16,8,0.2525888258700995,0.26457664853162066,0.7376388577236395,0.6446012802077532,0.26236114227636054,0.7557420249670308,0.9760458375406859,16.0
04_03_09_50_44_908086,0.5,0.6175595238095238,0.652157738095238,1.25,125.0,14.0,0.1957444366635543,0.2108169934640523,0.0150725568004979,0.5996882380403142,0.6008776844070962,0.001189446366782,17,8,0.25873338585518213,0.26195938573715827,0.7474612146794155,0.5961080048291285,0.2525387853205845,0.7658054426652458,0.9760458375406859,17.0
04_03_09_50_44_929653,0.5,0.5773809523809523,0.6489406179138322,1.5,123.0,14.0,0.2387686057328914,0.248469387755102,0.0097007820222105,0.5506336459633162,0.5523242630385486,0.0016906170752324,14,8,0.23568960093557403,0.2563763246702993,0.7552823524084739,0.6462427666496496,0.24471764759152614,0.7738185271211614,0.9760458375406859,14.0
04_03_09_50_44_951296,0.6,0.4464285714285714,0.4012518896447468,1.5,139.0,14.0,0.263366861796252,0.2784812793895839,0.0151144175933319,0.5477692566468517,0.5486883742939106,0.0009191176470588,17,8,0.25849446385291674,0.2642515919571495,0.7227573967064453,0.6365123312682515,0.27724260329355466,0.7404953424396092,0.9760458375406859,17.0
04_03_09_50_44_973752,0.6,0.5399999999999999,0.6589841269841269,1.2,140.0,18.0,0.214795963574159,0.2322776638566112,0.0174817002824521,0.5420048678695294,0.544091035669983,0.0020861678004535,15,8,0.23551014598273703,0.2512773952144971,0.7672815607408248,0.679421562349135,0.23271843925917524,0.7861122205839448,0.9760458375406859,15.0
04_03_09_50_44_992563,0.6,0.5399999999999999,0.6589841269841269,1.2,134.0,18.0,0.2143621433881174,0.2279365079365079,0.0135743645483905,0.5977454820311963,0.5991967291967292,0.0014512471655328,15,8,0.2538737776937482,0.2533279646961947,0.7485874138018318,0.6148057285571199,0.2514125861981682,0.7669592810190407,0.9760458375406859,15.0
04_03_09_50_45_018485,0.7,0.5972222222222222,0.7102292768959436,1.0,153.0,18.0,0.2246303836043141,0.2420528817587641,0.01742249815445,0.5171730278564189,0.5186868686868688,0.0015138408304498,17,8,0.28066215512023085,0.2903047452142681,0.708627862522793,0.6226325141817569,0.291372137477207,0.7260190405691416,0.9760458375406859,17.0
04_03_09_50_45_036796,0.7,0.5399999999999999,0.6589841269841269,1.2,146.0,18.0,0.241127386139641,0.2573412698412698,0.0162138837016288,0.5779471265630435,0.5791005291005291,0.0011534025374855,18,8,0.26606634402878226,0.2802106928843452,0.7183862666519413,0.6444827192848241,0.2816137333480587,0.7360169359074755,0.9760458375406859,18.0
04_03_09_50_45_056772,0.7,0.6571428571428571,0.6987792894935752,1.2,140.0,14.0,0.2567683211876551,0.2714276352252131,0.0146593140375579,0.5478115154261347,0.5487306330731936,0.0009191176470588,17,8,0.2386931179863369,0.24208604750391913,0.7539026616100932,0.6697052181014108,0.24609733838990677,0.77240497588687,0.9760458375406859,17.0
04_03_09_50_45_079386,0.8,0.54,0.658984126984127,1.2,117.0,18.0,0.1144372979274127,0.1239239926739926,0.0094866947465799,0.4259975143903715,0.4374771062271062,0.0114795918367346,8,8,0.2027280490679247,0.2088984539567552,0.8135066017927899,0.7940349298887545,0.18649339820721011,0.8334717187489459,0.9760458375406859,8.0
04_03_09_50_45_101954,0.8,0.4166666666666667,0.4744973544973544,1.2,123.0,18.0,0.1386156940586886,0.1525464119214119,0.0139307178627233,0.4239070453356168,0.4315601065601065,0.0076530612244897,8,8,0.18229919068001288,0.18543530027674468,0.8282242906613468,0.8007289825229266,0.17177570933865316,0.8485506098240215,0.9760458375406859,8.0
04_03_09_50_45_123795,0.8,0.4464285714285714,0.4012518896447468,1.5,113.0,14.0,0.1527993643445032,0.1640321280027162,0.011232763658213,0.4202778249346876,0.4241358496260456,0.003858024691358,9,8,0.20366592706147832,0.2038597979460447,0.8083719645803604,0.7665816737139212,0.19162803541963958,0.8282110670306136,0.9760458375406859,9.0
04_03_09_50_45_149552,0.9,0.4166666666666667,0.4744973544973544,1.2,124.0,18.0,0.1439351071823158,0.1569218000590549,0.0129866928767391,0.4319225980990687,0.4365522277286983,0.0046296296296296,9,8,0.1962628757370392,0.19846049025291185,0.8156754403807257,0.7884770350005607,0.1843245596192743,0.8356937850746429,0.9760458375406859,9.0
04_03_09_50_45_174115,0.9,0.2698412698412698,0.1985874905517762,2.0,108.0,14.0,0.1188262085137085,0.1280844155844155,0.009258207070707,0.3826710987425273,0.3928751803751804,0.010204081632653,8,8,0.18662478069880753,0.189938302591296,0.836177117500373,0.8012321885177002,0.16382288249962695,0.8566986153101824,0.9760458375406861,8.0
04_03_09_50_45_199334,0.9,0.2708333333333333,0.3246031746031745,1.5,121.0,18.0,0.1261834061734855,0.1397944647944648,0.0136110586209792,0.4259306500377928,0.432308201058201,0.0063775510204081,8,8,0.18566462182533336,0.1836360825612999,0.8384599594088982,0.7953382928224177,0.16154004059110183,0.8590374828312787,0.9760458375406861,8.0
04_03_09_50_45_227112,1.0,0.4166666666666667,0.4744973544973544,1.2,127.0,18.0,0.1406721654117487,0.1548517840184506,0.0141796186067019,0.4147944647944648,0.4209673043006376,0.0061728395061728,9,8,0.19422455225060523,0.19596740014990582,0.8170887051210189,0.7904705208520231,0.18291129487898106,0.8371417342240949,0.9760458375406859,9.0
04_03_09_50_45_250086,1.0,0.2708333333333333,0.3246031746031745,1.5,122.0,18.0,0.137601871838479,0.1526236263736264,0.0150217545351473,0.4101487005058434,0.4165262515262515,0.0063775510204081,8,8,0.190815901897805,0.1876449195272532,0.8308057846631851,0.785884637429751,0.1691942153368149,0.8511954589720314,0.9760458375406861,8.0
04_03_09_50_45_275576,1.0,0.2708333333333333,0.3246031746031745,1.5,122.0,18.0,0.137601871838479,0.1526236263736264,0.0150217545351473,0.4101487005058434,0.4165262515262515,0.0063775510204081,8,8,0.190815901897805,0.1876449195272532,0.8308057846631851,0.785884637429751,0.1691942153368149,0.8511954589720314,0.9760458375406861,8.0
04_03_10_05_59_647790,0.3,0.54,0.6589841269841269,1.2,131.0,18.0,0.1681177289939545,0.1788388082505729,0.0107210792566184,0.5747419511476604,0.5757151345386639,0.0009731833910034,17,20,0.2608172890725584,0.2765568941558443,0.72729315680424,0.5907708467903106,0.27270684319576,0.7451424193732327,0.9760458375406861,17.0
04_03_10_05_59_667467,0.3,0.54,0.658984126984127,1.2,140.0,18.0,0.2110159703612084,0.2274855699855699,0.0164695996243615,0.5513395863395864,0.5532443482443482,0.0019047619047619,15,20,0.2659267418656288,0.28336586711974976,0.7260780944629511,0.6365981949673222,0.27392190553704887,0.7438975369153038,0.9760458375406861,15.0
04_03_10_05_59_684894,0.3,0.54,0.658984126984127,1.2,126.0,18.0,0.1900602964982664,0.1992941269257059,0.0092338304274394,0.577473928212617,0.5784656863604232,0.0009917581478061,19,20,0.2928000594036689,0.29935457318335923,0.7007543459002417,0.6013802517188767,0.29924565409975834,0.7179522917344865,0.9760458375406859,19.0
04_03_10_05_59_701868,0.4,0.54,0.658984126984127,1.2,133.0,18.0,0.1908444885875441,0.2028176684426684,0.0119731798551243,0.5480946137196137,0.5494835026085025,0.0013888888888888,16,20,0.2599657371234738,0.27839453154292565,0.7258213865908568,0.628126741205101,0.2741786134091432,0.743634528906642,0.9760458375406861,16.0
04_03_10_05_59_721958,0.4,0.54,0.658984126984127,1.2,131.0,18.0,0.202044708826989,0.2176957962672248,0.0156510874402357,0.4831525312294542,0.4853261817547531,0.0021736505252988,14,20,0.24698394131719367,0.254980187861506,0.7516557088847724,0.6580520817913633,0.2483442911152276,0.7701028783429857,0.9760458375406859,14.0
04_03_10_05_59_743030,0.4,0.54,0.658984126984127,1.2,131.0,18.0,0.1963496990676612,0.2111375319358512,0.01478783286819,0.5567158816189196,0.5585272570566687,0.001811375437749,14,20,0.2526430832921787,0.27961781614879205,0.7447439825059702,0.643705284638706,0.2552560174940298,0.7630215240530914,0.9760458375406859,14.0
04_03_10_05_59_760873,0.5,0.54,0.658984126984127,1.2,139.0,18.0,0.1814436961190662,0.1973974718092365,0.0159537756901702,0.5208839433209181,0.5228794081735259,0.0019954648526077,15,20,0.26330665701454203,0.289205742515358,0.7369932599880259,0.6305043799455613,0.2630067400119741,0.7550805829416845,0.9760458375406861,15.0
04_03_10_05_59_779254,0.5,0.54,0.658984126984127,1.2,139.0,18.0,0.1769397571438387,0.1924098124098124,0.0154700552659736,0.5715653129938844,0.5737421837421837,0.0021768707482993,15,20,0.2579007233881209,0.25973079901723395,0.7463614710550672,0.6307271429897587,0.2536385289449328,0.7646787090815862,0.9760458375406859,15.0
04_03_10_05_59_795850,0.5,0.54,0.658984126984127,1.2,139.0,18.0,0.2153371870495274,0.2306452405523613,0.0153080535028338,0.6042186095284348,0.6058405818467738,0.0016219723183391,17,20,0.27811290959942986,0.28035337701438473,0.712721114795137,0.5999687239974079,0.287278885204863,0.7302127496296275,0.9760458375406861,17.0
04_03_10_05_59_815468,0.6,0.54,0.658984126984127,1.2,138.0,18.0,0.2130140128968253,0.2253510378510378,0.0123370249542124,0.50913872452334,0.5132478632478633,0.0041091387245233,13,20,0.2399933229333885,0.2564085150444686,0.7638486621965388,0.680860518113487,0.2361513378034612,0.7825950716835041,0.9760458375406859,13.0
04_03_10_05_59_834732,0.6,0.54,0.658984126984127,1.2,141.0,18.0,0.2032078294280675,0.2218121693121693,0.0186043398841017,0.5481821617535902,0.5504497354497354,0.0022675736961451,15,20,0.24578178827799163,0.2585140547971183,0.7499323523339091,0.6732490362207255,0.2500676476660909,0.7683372270952886,0.9760458375406859,15.0
04_03_10_05_59_852400,0.6,0.54,0.6589841269841269,1.2,143.0,18.0,0.2047704342379087,0.2246981721981721,0.0199277379602634,0.5804428640142925,0.5827104377104376,0.0022675736961451,15,20,0.2502156976037821,0.271636345216612,0.750825087047975,0.6669500250466892,0.24917491295202499,0.7692518713463365,0.9760458375406859,15.0
04_03_10_05_59_870458,0.7,0.54,0.6589841269841269,1.2,141.0,18.0,0.2153916766191861,0.230573593073593,0.0151819164544069,0.5220156926406926,0.5235434704184704,0.0015277777777777,16,20,0.2584358829590902,0.2743861841538855,0.7269839638959867,0.6605933908255189,0.27301603610401326,0.7448256382382069,0.9760458375406861,16.0
04_03_10_05_59_890357,0.7,0.54,0.6589841269841269,1.2,141.0,18.0,0.22780726768822,0.2437638287638287,0.0159565610756086,0.4944045901188758,0.4967628667628667,0.0023582766439909,15,20,0.2509245556210044,0.26029439663558157,0.7468644761051331,0.7039364850521509,0.25313552389486693,0.7651940589050465,0.9760458375406859,15.0
04_03_10_05_59_910358,0.7,0.54,0.658984126984127,1.2,141.0,18.0,0.2107192598104056,0.2273809523809523,0.0166616925705467,0.5512797619047619,0.5532242063492063,0.0019444444444444,16,20,0.26066733651164303,0.27956009648812197,0.7289434106557398,0.6584915564251469,0.27105658934426025,0.7468331738317098,0.9760458375406859,16.0
04_03_10_05_59_930816,0.8,0.54,0.658984126984127,1.2,119.0,18.0,0.1102285095497765,0.1204075540472599,0.0101790444974834,0.4075780953407003,0.4177821769733534,0.010204081632653,8,20,0.20509817550512133,0.213599480330107,0.8098710878188983,0.791678364674885,0.19012891218110173,0.8297469818215779,0.9760458375406859,8.0
04_03_10_05_59_949408,0.8,0.54,0.658984126984127,1.2,141.0,18.0,0.2075180447446072,0.2239468864468864,0.0164288417022792,0.5324832112332112,0.5344971001221,0.0020138888888888,16,20,0.2630548272845767,0.2797479793977665,0.7300387768038658,0.660813646821557,0.26996122319613425,0.7479554225069215,0.9760458375406859,16.0
04_03_10_05_59_967739,0.8,0.54,0.658984126984127,1.2,119.0,18.0,0.1102285095497765,0.1204075540472599,0.0101790444974834,0.4075780953407003,0.4177821769733534,0.010204081632653,8,20,0.20509817550512133,0.213599480330107,0.8098710878188983,0.791678364674885,0.19012891218110173,0.8297469818215779,0.9760458375406859,8.0
04_03_10_05_59_988629,0.9,0.54,0.658984126984127,1.2,119.0,18.0,0.1102285095497765,0.1204075540472599,0.0101790444974834,0.4075780953407003,0.4177821769733534,0.010204081632653,8,20,0.20509817550512133,0.213599480330107,0.8098710878188983,0.791678364674885,0.19012891218110173,0.8297469818215779,0.9760458375406859,8.0
04_03_10_06_00_007918,0.9,0.5773809523809523,0.6489406179138322,1.5,117.0,14.0,0.1071914536988066,0.117301264911559,0.0101098112127523,0.4001385694137795,0.4116181612505142,0.0114795918367346,8,20,0.20445968270883386,0.21753483567820278,0.810371106783721,0.79258074021008,0.18962889321627896,0.830259272275152,0.9760458375406859,8.0
04_03_10_06_00_028017,0.9,0.54,0.658984126984127,1.2,119.0,18.0,0.1102285095497765,0.1204075540472599,0.0101790444974834,0.4075780953407003,0.4177821769733534,0.010204081632653,8,20,0.20509817550512133,0.213599480330107,0.8098710878188983,0.791678364674885,0.19012891218110173,0.8297469818215779,0.9760458375406859,8.0
04_03_10_06_00_049991,1.0,0.54,0.658984126984127,1.2,120.0,18.0,0.1195367270204657,0.1326264149793561,0.0130896879588904,0.4088749032376483,0.417362557558636,0.0084876543209876,9,20,0.2163422404712268,0.23112588213608826,0.8020059238209049,0.7940731588675157,0.19799407617909515,0.8216887906019819,0.9760458375406861,9.0
04_03_10_06_00_073272,1.0,0.54,0.658984126984127,1.2,121.0,18.0,0.1186488131716222,0.1300655227125815,0.0114167095409592,0.3784494567057592,0.3924800689506572,0.0140306122448979,8,20,0.20142986785851463,0.21318349914513463,0.8122514244815829,0.7948490912495172,0.18774857551841706,0.8321857368176366,0.9760458375406859,8.0
04_03_10_06_00_095124,1.0,0.54,0.658984126984127,1.2,119.0,18.0,0.1207192990265906,0.1336063627730294,0.0128870637464387,0.4053249219915886,0.4130409713743047,0.007716049382716,9,20,0.21718947255119178,0.21926127266506382,0.8010351542020036,0.7927715464151793,0.19896484579799645,0.8206941963098252,0.9760458375406861,9.0
04_03_09_58_22_483240,0.3,0.5399999999999999,0.6589841269841269,1.2,147.0,18.0,0.1672544598647539,0.1829125286478227,0.0156580687830687,0.6956839619924188,0.6963487819370171,0.0006648199445983,20,12,0.24865750406527792,0.2697824913480964,0.7222298353520429,0.5339359075919363,0.2777701646479571,0.7399548336498459,0.9760458375406861,20.0
04_03_09_58_22_497128,0.3,0.5773809523809523,0.6489406179138322,1.5,146.0,14.0,0.1914493391524408,0.2062415396780721,0.0147922005256313,0.638242199143291,0.6389603688365298,0.0007181696932389,19,12,0.2921628029956912,0.2975874856605426,0.6852323889096201,0.5371621645651091,0.3147676110903799,0.7020493941515902,0.9760458375406861,19.0
04_03_09_58_22_514717,0.3,0.5399999999999999,0.6589841269841269,1.2,151.0,18.0,0.2103713722279898,0.2276108695226342,0.0172394972946443,0.5026999395777676,0.5051654228124816,0.002465483234714,13,12,0.23202197305147884,0.23894244789878671,0.7649370401644302,0.7042634069764584,0.2350629598355698,0.783710160674236,0.9760458375406859,13.0
04_03_09_58_22_531547,0.4,0.5773809523809523,0.6489406179138322,1.5,130.0,14.0,0.2045729390657361,0.2137418428910025,0.0091689038252663,0.5651116758340416,0.5669230512717908,0.001811375437749,14,12,0.2389575889376636,0.26377552938054527,0.7385915266325156,0.6214192161771903,0.2614084733674844,0.7567180743206928,0.9760458375406859,14.0
04_03_09_58_22_548722,0.4,0.5773809523809523,0.6489406179138322,1.5,138.0,14.0,0.2382124766767624,0.2498849298849298,0.0116724532081674,0.5453250453250452,0.5465948865948865,0.0012698412698412,15,12,0.23729254144177053,0.249831053212913,0.7426247591687216,0.624713253993632,0.2573752408312784,0.7608502906378777,0.9760458375406859,15.0
04_03_09_58_22_567430,0.4,0.5773809523809523,0.6489406179138322,1.5,135.0,14.0,0.244826821074195,0.2571108746528914,0.0122840535786964,0.4957226946722744,0.4972925533849903,0.0015698587127158,14,12,0.2429399359182269,0.2572633982072635,0.7423061956217981,0.6217539902772836,0.2576938043782019,0.7605239088895304,0.9760458375406861,14.0
04_03_09_58_22_582854,0.5,0.5773809523809523,0.6489406179138322,1.5,144.0,14.0,0.1852070804767651,0.2030625174046226,0.0178554369278575,0.662354895174444,0.6634433305485937,0.0010884353741496,15,12,0.27731736024900877,0.2903679212802998,0.7176249324917607,0.5618596149195288,0.28237506750823926,0.7352369170488336,0.9760458375406861,15.0
04_03_09_58_22_598511,0.5,0.5773809523809523,0.6489406179138322,1.5,145.0,14.0,0.192780204851744,0.2105204522000188,0.0177402473482747,0.5798267089370233,0.5806474743007249,0.0008207653637016,19,12,0.27141963912794725,0.284892834077254,0.7013177312202885,0.5819214541396661,0.2986822687797115,0.7185295036833291,0.9760458375406861,19.0
04_03_09_58_22_622745,0.5,0.5399999999999999,0.6589841269841269,1.2,147.0,18.0,0.191411153789626,0.2090229215229215,0.0176117677332955,0.4913306778691393,0.4949467199467199,0.0036160420775805,13,12,0.22124904329716044,0.24070359373206002,0.7793837926343609,0.7372894510694158,0.22061620736563914,0.798511466016956,0.9760458375406861,13.0
04_03_09_58_22_639869,0.6,0.5773809523809523,0.6489406179138322,1.5,147.0,14.0,0.2580881218228032,0.2739641690009337,0.0158760471781305,0.5710148225957049,0.5724731559290382,0.0014583333333333,16,12,0.25647389331943904,0.2650397811761138,0.7227813563879817,0.6492407762700193,0.2772186436120183,0.7405198901407669,0.9760458375406861,16.0
04_03_09_58_22_658398,0.6,0.5399999999999999,0.6589841269841269,1.2,158.0,18.0,0.2403489268233159,0.2681346796478375,0.0277857528245216,0.5797271624574255,0.5814632735685367,0.0017361111111111,16,12,0.2435983788610037,0.24561753393298164,0.7402826312475622,0.6371554927518337,0.2597173687524378,0.7584506821040605,0.9760458375406859,16.0
04_03_09_58_22_677088,0.6,0.5399999999999999,0.6589841269841269,1.2,140.0,18.0,0.2605396873849255,0.2768589743589744,0.0163192869740488,0.6009887202744345,0.6024399674399674,0.0014512471655328,15,12,0.25719727689777705,0.2762076404529607,0.7361777647162923,0.6522959759018379,0.26382223528370774,0.7542450737469644,0.9760458375406859,15.0
04_03_09_58_22_695616,0.7,0.5399999999999999,0.6589841269841269,1.2,161.0,18.0,0.2228167091266706,0.2398674854557207,0.0170507763290501,0.557863831430008,0.5590443869855635,0.0011805555555555,16,12,0.2912249297567602,0.299158851252289,0.6978859136700863,0.5745850829968401,0.30211408632991366,0.7150134623067794,0.9760458375406861,16.0
04_03_09_58_22_717259,0.7,0.3,0.3237301587301587,1.5,114.0,18.0,0.120089296486812,0.1320993706086873,0.0120100741218753,0.3899344272015078,0.4058074430745237,0.0158730158730158,7,12,0.17600633467424454,0.1797780775070684,0.8469527650763301,0.8068935660063902,0.1530472349236699,0.8677387193314322,0.9760458375406861,7.0
04_03_09_58_22_736020,0.7,0.5399999999999999,0.6589841269841269,1.2,159.0,18.0,0.2111554269615493,0.2308369408369408,0.0196815138753914,0.5627004741290456,0.5642424242424242,0.0015419501133786,15,12,0.27282768448553596,0.28768248194033086,0.7164804221348815,0.639906222683544,0.2835195778651185,0.7340643180654058,0.9760458375406859,15.0
04_03_09_58_22_754055,0.8,0.3,0.3237301587301587,1.5,111.0,18.0,0.123079289944969,0.1361412640459041,0.0130619741009351,0.4019795878217507,0.4155850299986214,0.0136054421768707,7,12,0.2005143227967778,0.1996094282979743,0.8280959484781107,0.7974774099196589,0.17190405152188926,0.8484191178609397,0.9760458375406859,7.0
04_03_09_58_22_772960,0.8,0.2698412698412698,0.1985874905517762,2.0,121.0,14.0,0.1082548555214795,0.123122783368947,0.0148679278474674,0.3311933179068729,0.3667488734624284,0.0355555555555555,6,12,0.19051142730224901,0.19655574374454185,0.8373510141319169,0.8032989910280719,0.16264898586808307,0.8579013217675984,0.9760458375406859,6.0
04_03_09_58_22_792641,0.8,0.3,0.3237301587301587,1.5,107.0,18.0,0.1269946613158897,0.1378005048173115,0.0108058435014217,0.3649585475215727,0.3785639896984434,0.0136054421768707,7,12,0.20262238941320795,0.20079979342214369,0.8219514022440908,0.8002868523332245,0.1780485977559092,0.8421237718867156,0.9760458375406859,7.0
04_03_09_58_22_813217,0.9,0.3,0.3237301587301587,1.5,104.0,18.0,0.1392876515714861,0.1496138729691361,0.0103262213976499,0.4213769626363611,0.435407574881259,0.0140306122448979,8,12,0.17767229858038205,0.17879748776242754,0.8348345024299437,0.7987905444248439,0.16516549757005627,0.8553230497180868,0.9760458375406859,8.0
04_03_09_58_22_833865,0.9,0.3,0.3237301587301587,1.5,115.0,18.0,0.1346490565402315,0.1487759824716346,0.0141269259314031,0.4081749470336426,0.417103518462214,0.0089285714285714,8,12,0.22509152013400127,0.22976999749077465,0.8090893385400703,0.7693181102051124,0.19091066145992974,0.8289460468154947,0.9760458375406861,8.0
04_03_09_58_22_851503,0.9,0.3,0.3237301587301587,1.5,108.0,18.0,0.1237691876362416,0.1364266059754781,0.0126574183392365,0.4128838579966399,0.4264893001735106,0.0136054421768707,7,12,0.18078634342413155,0.17700231004312902,0.8367691524681071,0.803433548360213,0.16323084753189288,0.8573051800277021,0.9760458375406861,7.0
04_03_09_58_22_871844,1.0,0.3,0.3237301587301587,1.5,101.0,18.0,0.131854656464553,0.1423125967354185,0.0104579402708654,0.37862288087852,0.4035661915361163,0.0249433106575963,7,12,0.1755496820736731,0.17776429834454896,0.8383703567018039,0.8212921551374289,0.16162964329819607,0.8589456810903688,0.9760458375406859,7.0
04_03_09_58_22_891863,1.0,0.3,0.3237301587301587,1.5,116.0,18.0,0.1359322073039353,0.1488120575077096,0.0128798502037743,0.4084906035992992,0.4174191750278706,0.0089285714285714,8,12,0.20967772436351087,0.20933460338883111,0.8140440650017244,0.7735050118689499,0.18595593499827556,0.8340223724050166,0.9760458375406861,8.0
04_03_09_58_22_911522,1.0,0.3,0.3237301587301587,1.5,108.0,18.0,0.1280146497952098,0.139284062667329,0.0112694128721191,0.3593427966098774,0.3752158124828932,0.0158730158730158,7,12,0.20591845742303183,0.20636451954887167,0.8189623103421957,0.7939900394753592,0.1810376896578043,0.8390613215519784,0.9760458375406861,7.0
04_03_09_53_24_059459,0.3,0.5399999999999999,0.6589841269841269,1.2,129.0,18.0,0.1813576391918638,0.1931861810204056,0.0118285418285418,0.4837581491592186,0.4873945127955823,0.0036363636363636,11,9,0.20835793400724342,0.22570772610259088,0.8058100747843102,0.7156582850848726,0.19418992521568978,0.8255863032157242,0.9760458375406859,11.0
04_03_09_53_24_074265,0.3,0.5773809523809523,0.6489406179138322,1.5,120.0,14.0,0.190652188180971,0.198386171576961,0.0077339833959899,0.6014985343603765,0.6024707565825987,0.0009722222222222,16,9,0.23560757239044805,0.25065067572739413,0.7714041767119701,0.6269185201050167,0.22859582328802985,0.7903360139884974,0.9760458375406859,16.0
04_03_09_53_24_089088,0.3,0.5773809523809523,0.6489406179138322,1.5,144.0,14.0,0.20089453765696,0.2196058018068887,0.0187112641499287,0.6013495984691637,0.6028773762469415,0.0015277777777777,16,9,0.2431576725927637,0.2651050365243078,0.7427704146370181,0.5976629008300354,0.2572295853629819,0.7609995207894691,0.9760458375406861,16.0
04_03_09_53_24_104809,0.4,0.5399999999999999,0.6589841269841269,1.2,130.0,18.0,0.2040841327101448,0.214665732378283,0.0105815996681381,0.552000069206547,0.55430118689228,0.002301117685733,13,9,0.23804114456205844,0.24581420161126438,0.7732661289689298,0.696505036370303,0.22673387103107023,0.7922436623645728,0.9760458375406859,13.0
04_03_09_53_24_123620,0.4,0.5399999999999999,0.6589841269841269,1.2,134.0,18.0,0.1968179020696382,0.2092671217671217,0.0124492196974835,0.4733913522375061,0.476021201021201,0.0026298487836949,13,9,0.25745742077217987,0.2712371418651095,0.7468330463209513,0.6853495889021151,0.25316695367904873,0.7651618577696355,0.9760458375406861,13.0
04_03_09_53_24_137278,0.4,0.3,0.3237301587301587,1.5,144.0,18.0,0.2023222015748928,0.218223493100944,0.0159012915260512,0.6161988978597975,0.6171387073347858,0.0009398094749882,18,9,0.25511417631017147,0.269736468836776,0.736423648522946,0.5899734351664729,0.26357635147705405,0.7544969920454667,0.9760458375406861,18.0
04_03_09_53_24_151885,0.5,0.54,0.6589841269841269,1.2,143.0,18.0,0.1559304787620176,0.167420814479638,0.0114903357176203,0.6029793195558766,0.6043309631544925,0.0013516435986159,17,9,0.2571400352237355,0.2745398376923561,0.7200967211355992,0.5883866167861989,0.2799032788644008,0.7377693684448321,0.9760458375406861,17.0
04_03_09_53_24_166756,0.5,0.6175595238095238,0.652157738095238,1.25,123.0,14.0,0.2150185448089787,0.2238954635108481,0.0088769187018693,0.5828317836010144,0.5854616323847094,0.0026298487836949,13,9,0.19745715191167024,0.20360783464062115,0.8133334224443668,0.6584381679623714,0.1866665775556332,0.833294289224878,0.9760458375406861,13.0
04_03_09_53_24_183360,0.5,0.5399999999999999,0.6589841269841269,1.2,129.0,18.0,0.2012520480469198,0.2093586968586968,0.008106648811777,0.4870851065906011,0.4892587571159,0.0021736505252988,14,9,0.23241474547858815,0.23757828151935517,0.7684363914338193,0.672293238032711,0.23156360856618075,0.7872953931856581,0.9760458375406859,14.0
04_03_09_53_24_201269,0.6,0.5399999999999999,0.6589841269841269,1.2,145.0,18.0,0.2333848697598697,0.2488319088319088,0.015447039072039,0.521687888830746,0.5236833536833537,0.0019954648526077,15,9,0.24117891452382126,0.258263676860836,0.7389066124025856,0.6561267686729909,0.2610933875974144,0.7570408929404248,0.9760458375406859,15.0
04_03_09_53_24_220150,0.6,0.54,0.6589841269841269,1.2,153.0,18.0,0.2169330346596829,0.2401420008562865,0.0232089661966035,0.5181315326919722,0.5216335252049538,0.0035019925129815,14,9,0.2451355642444684,0.25785943748723233,0.7579104485303112,0.6948104928282881,0.2420895514696888,0.7765111221005726,0.9760458375406859,14.0
04_03_09_53_24_236402,0.6,0.54,0.6589841269841269,1.2,144.0,18.0,0.2014984395564752,0.2232026901669759,0.0217042506105006,0.5025863788226426,0.5050015460729746,0.002415167250332,14,9,0.2606605742743202,0.2847742518838866,0.7331387090233678,0.6542457305432954,0.26686129097663225,0.7511314334075088,0.9760458375406859,14.0
04_03_09_53_24_254129,0.7,0.54,0.6589841269841269,1.2,139.0,18.0,0.1965267756934423,0.211034151034151,0.0145073753407086,0.5252690166975881,0.5274458874458874,0.0021768707482993,15,9,0.24337114219875,0.26009812578328456,0.7511657991217292,0.6723496530153865,0.2488342008782708,0.7696009451916928,0.9760458375406859,15.0
04_03_09_53_24_273311,0.7,0.54,0.6589841269841269,1.2,160.0,18.0,0.210755498359665,0.2331122002997002,0.0223567019400352,0.5635697635697635,0.5653058746808747,0.0017361111111111,16,9,0.2608672914941064,0.2832364001103716,0.7267717424122689,0.6411098649513917,0.27322825758773106,0.7446082084049397,0.9760458375406859,16.0
04_03_09_53_24_292538,0.7,0.3,0.3237301587301587,1.5,109.0,18.0,0.1050941436995858,0.115062715062715,0.0099685713631291,0.4068376068376068,0.4204430490144776,0.0136054421768707,7,9,0.19526457178413978,0.18947179291560506,0.8260582762313586,0.7908491583263135,0.17394172376864137,0.8463314369668881,0.9760458375406861,7.0
04_03_09_53_24_312162,0.8,0.3,0.3237301587301587,1.5,114.0,18.0,0.1009879339767091,0.1114740661644205,0.0104861321877113,0.3925739698940284,0.4061794120708991,0.0136054421768707,7,9,0.19215317826318778,0.18891274438943995,0.8305848913154708,0.7939280800017297,0.16941510868452925,0.8509691444494771,0.9760458375406859,7.0
04_03_09_53_24_330586,0.8,0.5399999999999999,0.6589841269841269,1.2,140.0,18.0,0.2140208777113539,0.2270279323850752,0.0130070546737213,0.4961500343368475,0.49784065141208,0.0016906170752324,14,9,0.25053633474899806,0.26760864949989555,0.7419145873856894,0.6560770897074676,0.2580854126143106,0.76012268978583,0.9760458375406859,14.0
04_03_09_53_24_351110,0.8,0.54,0.658984126984127,1.2,114.0,18.0,0.1155192261442261,0.127935754721469,0.0124165285772428,0.3399049363335077,0.3648482469911041,0.0249433106575963,7,9,0.19100202672183805,0.20546385219102942,0.8270276112053025,0.8233841484144969,0.17297238879469745,0.8473245614049639,0.9760458375406861,7.0
04_03_09_53_24_371571,0.9,0.54,0.658984126984127,1.2,100.0,18.0,0.1226942671007797,0.1333005929644585,0.0106063258636788,0.3855142056822728,0.405922368947579,0.0204081632653061,7,9,0.1825039337981344,0.18233193918398952,0.8398000845514515,0.8131383650640391,0.1601999154485485,0.8604104973875727,0.9760458375406859,7.0
04_03_09_53_24_391439,0.9,0.5399999999999999,0.6589841269841269,1.2,121.0,18.0,0.1313059077861709,0.1442994627205153,0.0129935549343444,0.4469605281008789,0.4515901577305085,0.0046296296296296,9,9,0.1879416948568836,0.18519897754338435,0.8304560885158292,0.8025965787289698,0.1695439114841708,0.8508371805655203,0.9760458375406861,9.0
04_03_09_53_24_410959,0.9,0.2698412698412698,0.1985874905517762,2.0,96.0,14.0,0.1208317408582297,0.1285767168679572,0.0077449760097275,0.3907209141384333,0.3996494855670047,0.0089285714285714,8,9,0.19141272061963865,0.1967065729324088,0.8328234568285753,0.8009797228325318,0.16717654317142472,0.8532626489417915,0.9760458375406861,8.0
04_03_09_53_24_430187,1.0,0.5399999999999999,0.6589841269841269,1.2,123.0,18.0,0.1394452425330401,0.1538961038961039,0.0144508613630637,0.4098578890245557,0.4168023334690001,0.0069444444444444,9,9,0.20772908224468084,0.21143015725841768,0.8054996513585222,0.7837539873041542,0.1945003486414778,0.8252682613637449,0.9760458375406861,9.0
04_03_09_53_24_449586,1.0,0.3,0.3237301587301587,1.5,116.0,18.0,0.1133674404443037,0.1259232055039508,0.012555765059647,0.3681819733061969,0.3863225628753579,0.0181405895691609,7,9,0.20228660015413155,0.2006244064368192,0.8191117174112053,0.7778336565020746,0.18088828258879475,0.8392143953762427,0.9760458375406861,7.0
04_03_09_53_24_470912,1.0,0.5399999999999999,0.658984126984127,1.2,119.0,18.0,0.1176188043843613,0.1308432127059578,0.0132244083215965,0.397998542851484,0.4049429872959285,0.0069444444444444,9,9,0.21187885001180465,0.2265190608702856,0.8080042725942889,0.7951456976275872,0.19199572740571114,0.8278343511306737,0.9760458375406861,9.0
04_03_09_55_48_031904,0.3,0.54,0.6589841269841269,1.2,144.0,18.0,0.1626851471951553,0.1857745502046972,0.0230894030095418,0.5896625188536952,0.5912597410759175,0.0015972222222222,16,10,0.268556566451257,0.27849642916431094,0.7328818679840106,0.5908130885905765,0.26711813201598944,0.7508682889633868,0.9760458375406859,16.0
04_03_09_55_48_052435,0.3,0.5399999999999999,0.658984126984127,1.2,134.0,18.0,0.1912749032693885,0.2038770053475936,0.012602102078205,0.5949696233216994,0.5961590696884814,0.001189446366782,17,10,0.28659587722804636,0.2995430812408933,0.720034278767995,0.583166691731308,0.279965721232005,0.7377053936137306,0.9760458375406859,17.0
04_03_09_55_48_072523,0.3,0.5399999999999999,0.6589841269841269,1.2,134.0,18.0,0.2444377844377844,0.252994782994783,0.0085569985569985,0.5134630448916163,0.515004995004995,0.0015419501133786,15,10,0.2482874501468787,0.26134185074521515,0.7375373907403345,0.651109198879208,0.26246260925966547,0.7556380677762901,0.9760458375406859,15.0
04_03_09_55_48_104165,0.4,0.5399999999999999,0.6589841269841269,1.2,134.0,18.0,0.1738984924238192,0.1860699757758581,0.0121714833520389,0.5392710607642733,0.5419009095479683,0.0026298487836949,13,10,0.23918860452894433,0.2683533185211066,0.7672475544885852,0.6531269904977356,0.23275244551141483,0.786077379748677,0.9760458375406859,13.0
04_03_09_55_48_139204,0.4,0.5399999999999999,0.6589841269841269,1.2,133.0,18.0,0.1979499617877886,0.2101542248601072,0.0122042630723186,0.507933594811423,0.5103990780461369,0.002465483234714,13,10,0.2559661624669273,0.2786000801223787,0.7467724476036841,0.6473572967903434,0.2532275523963159,0.7650997718358236,0.9760458375406859,13.0
04_03_09_55_48_175908,0.4,0.54,0.658984126984127,1.2,131.0,18.0,0.1875385560638828,0.2012714409773233,0.0137328849134404,0.5004807912047731,0.5034393710864299,0.0029585798816568,13,10,0.2669969305840592,0.29055582977517314,0.7358853750081605,0.650575847457396,0.26411462499183946,0.7539455081969811,0.9760458375406859,13.0
04_03_09_55_48_206643,0.5,0.4333333333333333,0.5505363155363155,1.5,112.0,18.0,0.2217573429580819,0.2367557346867692,0.0149983917286872,0.5548882207010285,0.556520873762253,0.0016326530612244,15,10,0.25959221106099195,0.26065886264924676,0.7505226261314696,0.5937898244601569,0.24947737386853042,0.7689419874199139,0.9760458375406861,15.0
04_03_09_55_48_245335,0.5,0.54,0.6589841269841269,1.2,131.0,18.0,0.2003505611509997,0.2126674495095547,0.012316888358555,0.5164767531164293,0.519599698547067,0.0031229454306377,13,10,0.2418803707687977,0.25267482893438653,0.7639454289739993,0.6860531607292614,0.2360545710260007,0.7826942133157294,0.9760458375406859,13.0
04_03_09_55_48_283153,0.5,0.54,0.658984126984127,1.2,132.0,18.0,0.2130755960762963,0.2252426728267064,0.01216707675041,0.5368064869842504,0.5389801375095492,0.0021736505252988,14,10,0.27814801514964704,0.29736568454367435,0.7285700999647922,0.6562512673616068,0.27142990003520784,0.7464507013323769,0.9760458375406859,14.0
04_03_09_55_48_318591,0.6,0.3,0.3237301587301587,1.5,136.0,18.0,0.2303047138047138,0.2432696007696007,0.0129648869648869,0.6237913145056002,0.6255146705146705,0.0017233560090702,15,10,0.2311522650478158,0.24651726837876592,0.7723254059394649,0.6577619563546807,0.22767459406053514,0.7912798520666515,0.9760458375406859,15.0
04_03_09_55_48_352499,0.6,0.5399999999999999,0.658984126984127,1.2,135.0,18.0,0.2297883833668147,0.2410730554848202,0.0112846721180054,0.5828138123936443,0.5842650595591772,0.0014512471655328,15,10,0.2699748304882497,0.28816486311657735,0.7376290901814504,0.6623284261617264,0.2623709098185496,0.7557320177093656,0.9760458375406861,15.0
04_03_09_55_48_387690,0.6,0.5399999999999999,0.6589841269841269,1.2,134.0,18.0,0.2226357779579068,0.2334909721464343,0.0108551941885275,0.5436313471058137,0.5454427225435629,0.001811375437749,14,10,0.267308066557894,0.28559205247577146,0.7394571725603157,0.6532626131707723,0.26054282743968427,0.7576049649712193,0.9760458375406859,14.0
04_03_09_55_48_433952,0.7,0.3,0.3237301587301587,1.5,119.0,18.0,0.1212618550694131,0.1362342507853343,0.0149723957159211,0.4136746736481366,0.4295476895211525,0.0158730158730158,7,10,0.1537452434704111,0.15915171426322372,0.8555622999676225,0.8166919111147666,0.14443770003237755,0.8765595498295015,0.9760458375406861,7.0
04_03_09_55_48_471243,0.7,0.3,0.3237301587301587,1.5,111.0,18.0,0.0882221079314916,0.1102368083985731,0.0220147004670814,0.290773719744308,0.3307737197443079,0.04,6,10,0.09802301386906462,0.10018519867889458,0.8935738370784914,0.8960316156681514,0.10642616292150864,0.9155039678566768,0.9760458375406861,6.0
04_03_09_55_48_511126,0.7,0.54,0.6589841269841269,1.2,144.0,18.0,0.2399333768083767,0.2594582500832501,0.0195248732748732,0.5073425185925186,0.5088702963702963,0.0015277777777777,16,10,0.26222406909269236,0.27700724039952823,0.7283380075401273,0.6404490526670498,0.27166199245987266,0.746212912884603,0.9760458375406861,16.0
04_03_09_55_48_540366,0.8,0.3,0.3237301587301587,1.5,121.0,18.0,0.1299162468631177,0.1430845212578959,0.0131682743947781,0.4105147592100268,0.4207188408426798,0.010204081632653,8,10,0.1650858547732786,0.17744128557479205,0.840732659519155,0.8063403435247842,0.159267340480845,0.8613659596536206,0.9760458375406861,8.0
04_03_09_55_48_572900,0.8,0.3,0.3237301587301587,1.5,121.0,18.0,0.1296652824422616,0.1429383224274865,0.0132730399852248,0.4068527680977924,0.4183323599345271,0.0114795918367346,8,10,0.16442729717854238,0.17707501041164916,0.8411623109862928,0.8056957960094098,0.1588376890137072,0.8618061556471002,0.9760458375406861,8.0
04_03_09_55_48_599544,0.8,0.3,0.3237301587301587,1.5,121.0,18.0,0.1296652824422616,0.1429383224274865,0.0132730399852248,0.4068527680977924,0.4183323599345271,0.0114795918367346,8,10,0.16442729717854238,0.17707501041164916,0.8411623109862928,0.8056957960094098,0.1588376890137072,0.8618061556471002,0.9760458375406861,8.0
04_03_09_55_48_631054,0.9,0.5399999999999999,0.6589841269841269,1.2,124.0,18.0,0.1399548759383318,0.1528931852461264,0.0129383093077946,0.4243275061902513,0.4320435555729673,0.007716049382716,9,10,0.19520132979167273,0.20256974869686584,0.811318772934395,0.7892078150075439,0.18868122706560497,0.8312301960926866,0.9760458375406861,9.0
04_03_09_55_48_663318,0.9,0.3,0.3237301587301587,1.5,121.0,18.0,0.1296652824422616,0.1429383224274865,0.0132730399852248,0.4068527680977924,0.4183323599345271,0.0114795918367346,8,10,0.16442729717854238,0.17707501041164916,0.8411623109862928,0.8056957960094098,0.1588376890137072,0.8618061556471002,0.9760458375406861,8.0
04_03_09_55_48_728387,1.0,0.54,0.658984126984127,1.2,118.0,18.0,0.1226490221008937,0.1346401147871736,0.0119910926862798,0.3870307563584874,0.402336878807467,0.0153061224489795,8,10,0.20607495578505342,0.21353738723479937,0.8072279787252505,0.7891260911011674,0.19277202127474946,0.8270390054213018,0.9760458375406861,8.0
04_03_09_55_48_757427,1.0,0.5399999999999999,0.6589841269841269,1.2,124.0,18.0,0.1399548759383318,0.1528931852461264,0.0129383093077946,0.4243275061902513,0.4320435555729673,0.007716049382716,9,10,0.19520132979167273,0.20256974869686584,0.811318772934395,0.7892078150075439,0.18868122706560497,0.8312301960926866,0.9760458375406861,9.0
04_03_09_55_48_782308,1.0,0.3,0.3237301587301587,1.5,119.0,18.0,0.1300611574596168,0.1428429413723531,0.0127817839127362,0.4044787961804768,0.4159583880172115,0.0114795918367346,8,10,0.1715300092979945,0.1840785141431,0.8331459378614268,0.8004566342567241,0.16685406213857323,0.8535930443191889,0.9760458375406861,8.0
04_03_09_45_27_935389,0.3,0.5972222222222222,0.7102292768959436,1.0,167.0,18.0,0.2328468860342294,0.2477871446292499,0.0149402585950204,0.5556139265913703,0.5573372826004406,0.0017233560090702,15,6,0.2620791606208948,0.2773376576890734,0.7381649764354631,0.6379021905526839,0.2618350235645369,0.7562810557088137,0.9760458375406859,15.0
04_03_09_45_27_949315,0.3,0.2708333333333333,0.3246031746031745,1.5,117.0,18.0,0.2084038896307185,0.2162252779899838,0.0078213883592652,0.7178598266401035,0.7185086155674392,0.0006487889273356,17,6,0.24313809172415557,0.2405892477657146,0.772385898531359,0.6096229331590646,0.22761410146864103,0.7913418292705567,0.9760458375406859,17.0
04_03_09_45_27_963422,0.3,0.5399999999999999,0.6589841269841269,1.2,162.0,18.0,0.1983014823297857,0.2308264303939044,0.0325249480641186,0.6255965799867184,0.6272185523050574,0.0016219723183391,17,6,0.2631809868191016,0.27991396364251836,0.7265287073698994,0.5529156876061148,0.2734712926301006,0.7443592087852272,0.9760458375406859,17.0
04_03_09_45_27_978699,0.4,0.4166666666666667,0.4744973544973544,1.2,126.0,18.0,0.2057966795109652,0.2166604823747681,0.0108638028638028,0.4840692274758209,0.4863636363636363,0.0022944088878154,14,6,0.21099727306415905,0.22494338484127957,0.7914855990872566,0.6619533345460029,0.20851440091274343,0.8109102755681431,0.9760458375406859,14.0
04_03_09_45_27_991786,0.4,0.4333333333333333,0.5505363155363155,1.5,122.0,18.0,0.2096970569752828,0.2207115800865801,0.0110145231112973,0.5892270632593214,0.5904770632593214,0.00125,16,6,0.2574040132695225,0.2617788399110314,0.7627462433276331,0.5847118357011848,0.23725375667236692,0.7814655971993101,0.9760458375406861,16.0
04_03_09_45_28_007588,0.4,0.5399999999999999,0.6589841269841269,1.2,136.0,18.0,0.1960877744996102,0.208853586027499,0.0127658115278888,0.5009235654720604,0.5037177798047363,0.0027942143326758,13,6,0.23790213223370377,0.24853038627389964,0.7700429717091725,0.6809795697137816,0.22995702829082754,0.7889414022290462,0.9760458375406859,13.0
04_03_09_45_28_022725,0.5,0.6916666666666667,0.7168140589569161,1.2,159.0,18.0,0.1756104478990508,0.2000331367978426,0.0244226888987918,0.6190564865737876,0.6210028533557945,0.0019463667820069,17,6,0.270499500069693,0.28872809829860224,0.7166394299980772,0.5959533898980074,0.28336057000192283,0.7342272283069948,0.9760458375406859,17.0
04_03_09_45_28_038861,0.5,0.5972222222222222,0.7102292768959436,1.0,153.0,18.0,0.2151017795945332,0.2360671936758893,0.0209654140813561,0.5269272347867665,0.5298858146684233,0.0029585798816568,13,6,0.2479054640149175,0.25925027770184234,0.767878048877694,0.671608060874902,0.23212195112230605,0.7867233477604841,0.9760458375406859,13.0
04_03_09_45_28_057129,0.5,0.3,0.3237301587301587,1.5,146.0,18.0,0.226451202513294,0.2470238911415382,0.0205726886282441,0.5216959008814213,0.5253119429590017,0.0036160420775805,13,6,0.21211298699610148,0.21888268481366072,0.794874814139151,0.6859021585357367,0.20512518586084905,0.8143826688938849,0.9760458375406859,13.0
04_03_09_45_28_076187,0.6,0.5972222222222222,0.7102292768959436,1.0,152.0,18.0,0.2345764519871662,0.2501617430188859,0.0155852910317195,0.5451243506188562,0.5476602762317049,0.0025359256128486,14,6,0.23413845617064377,0.2433065509808134,0.7642238990833798,0.6801043713591924,0.23577610091662016,0.7829795176515197,0.9760458375406859,14.0
04_03_09_45_28_092280,0.6,0.5972222222222222,0.7102292768959436,1.0,159.0,18.0,0.2285008892460815,0.2437264124764124,0.0152255232303309,0.5114176726814089,0.5152819402819403,0.0038642676005313,14,6,0.2438093872110148,0.26567389584386814,0.7555899706786761,0.6655003233938093,0.24441002932132394,0.7741336949732955,0.9760458375406859,14.0
04_03_09_45_28_107097,0.6,0.4166666666666667,0.4744973544973544,1.2,165.0,18.0,0.2077157661849691,0.2268071828533785,0.0190914166684094,0.5472639045736871,0.5487916823514649,0.0015277777777777,16,6,0.2755734590600704,0.27651169148296806,0.7310016565267432,0.6411172711038684,0.2689983434732568,0.748941933268858,0.9760458375406861,16.0
04_03_09_45_28_125221,0.7,0.5972222222222222,0.7102292768959436,1.0,144.0,18.0,0.237002715648549,0.2518398268398268,0.0148371111912778,0.5465869580155295,0.5487638287638288,0.0021768707482993,15,6,0.24142665284241843,0.2497394441153962,0.7575973947919081,0.6896552373713505,0.24240260520809187,0.7761903853827236,0.9760458375406859,15.0
04_03_09_45_28_146562,0.7,0.5399999999999999,0.6589841269841269,1.2,144.0,18.0,0.2191730198813532,0.2321188071188071,0.0129457872374539,0.4892187177901463,0.4914862914862914,0.0022675736961451,15,6,0.25173959619588787,0.2694386637667484,0.7427091782499295,0.6818422347362784,0.25729082175007045,0.7609367815361132,0.9760458375406859,15.0
04_03_09_45_28_169400,0.7,0.5399999999999999,0.6589841269841269,1.2,154.0,18.0,0.2200362034035503,0.2376621526621526,0.0176259492586023,0.4964574578860293,0.4992692492692492,0.0028117913832199,15,6,0.25593648469765756,0.2651508144867944,0.737376660895324,0.6680584192837141,0.26262333910467595,0.7554733932919282,0.9760458375406859,15.0
04_03_09_45_28_191424,0.8,0.2619047619047619,0.1769778281683043,2.0,105.0,14.0,0.1125222947636189,0.122660148630803,0.010137853867184,0.4010743418715903,0.4232965640938125,0.0222222222222222,6,6,0.1565198982856219,0.15662744900810704,0.8596559594624562,0.7940764134243441,0.1403440405375438,0.8807536761065506,0.9760458375406859,6.0
04_03_09_45_28_212261,0.8,0.5399999999999999,0.6589841269841269,1.2,129.0,18.0,0.131332224103148,0.1444208059097765,0.0130885818066284,0.4082963954812694,0.4210514975220857,0.0127551020408163,8,6,0.15366975409000447,0.1459190095414175,0.8493354069166765,0.8218309417036231,0.15066459308332347,0.8701798360789303,0.9760458375406861,8.0
04_03_09_45_28_233066,0.8,0.4895833333333333,0.3960175736961451,1.5,132.0,18.0,0.1110195697827673,0.1276201249730661,0.0166005551902987,0.3274591204002968,0.3630146759558524,0.0355555555555555,6,6,0.2120619826283126,0.215029210064388,0.8166826566177559,0.7897197763624145,0.18331734338224415,0.8367257204595299,0.9760458375406861,6.0
04_03_09_45_28_255630,0.9,0.4166666666666666,0.4744973544973544,1.2,126.0,18.0,0.1354780090247747,0.1473880286380286,0.0119100196132538,0.3817503924646782,0.3945054945054945,0.0127551020408163,8,6,0.2052660821270373,0.20672538988932013,0.8092476725857429,0.7698020614458307,0.19075232741425707,0.8291082667026995,0.9760458375406861,8.0
04_03_09_45_28_279423,0.9,0.4895833333333333,0.3960175736961451,1.5,133.0,18.0,0.1164556862069875,0.1320219045782955,0.015566218371308,0.3405496758880217,0.3700281339379083,0.0294784580498866,7,6,0.20298536204924986,0.20145853435305297,0.8135763870607416,0.7997105657768218,0.18642361293925835,0.8335432166901979,0.9760458375406859,7.0
04_03_09_45_28_300715,0.9,0.3,0.3237301587301587,1.5,118.0,18.0,0.1050671473126806,0.1170499028050515,0.0119827554923708,0.3969562129418292,0.4150968025109902,0.0181405895691609,7,6,0.1845583820386861,0.18534852738836552,0.8369859001914931,0.8047271958285748,0.1630140998085069,0.8575272471838228,0.9760458375406859,7.0
04_03_09_45_28_325350,1.0,0.4895833333333333,0.3960175736961451,1.5,130.0,18.0,0.1025762708609038,0.1156768606425357,0.0131005897816318,0.3926247737950908,0.413032937060397,0.0204081632653061,7,6,0.19587924475146426,0.18993936533219805,0.8237290721073923,0.806059176549045,0.17627092789260768,0.8439450694066976,0.9760458375406859,7.0
04_03_09_45_28_349839,1.0,0.3,0.3237301587301587,1.5,118.0,18.0,0.1044296429270151,0.116355797411698,0.0119261544846829,0.396180699907408,0.414321289476569,0.0181405895691609,7,6,0.19139457011293257,0.18534852738836552,0.831540104854149,0.8014570553825219,0.16845989514585102,0.8519478008833645,0.9760458375406859,7.0
04_03_09_45_28_371587,1.0,0.4166666666666666,0.4744973544973544,1.2,126.0,18.0,0.135875921742399,0.147829254079254,0.011953332336855,0.3840272822415679,0.3967823842823842,0.0127551020408163,8,6,0.2043747057878084,0.2046350456426396,0.8102850274560307,0.7709306870602609,0.1897149725439693,0.8301710803845873,0.9760458375406861,8.0
